cluster	rank	gene	score	logfoldchange	pvals_adj	pct_nonzero_in_cluster
0	1	TMSB4X	51.418915	2.1338422	0.0	0.0013333333333333333
0	2	TMSB10	47.332962	1.8931698	0.0	0.0006666666666666666
0	3	PRCP	46.224476	3.2402844	0.0	0.0
0	4	RAMP2	44.43118	2.96772	0.0	0.14466666666666667
0	5	APLNR	44.09754	3.7681887	0.0	0.14866666666666667
0	6	GNG11	43.32724	2.522027	0.0	0.0
0	7	COL4A1	43.20605	2.990531	0.0	0.006
0	8	COL4A2	41.0936	2.7150567	0.0	0.002
0	9	ATP5E	40.97954	1.3171943	0.0	0.0
0	10	FKBP1A	40.909683	1.9988278	0.0	0.017333333333333333
0	11	RPS28	40.667793	0.95540327	0.0	0.0006666666666666666
0	12	VAMP5	39.646374	2.211292	0.0	0.014666666666666666
0	13	PECAM1	38.21475	2.5724697	0.0	0.006
0	14	PLVAP	37.99746	2.6648421	0.0	0.0013333333333333333
0	15	CAV1	37.675694	2.3586366	2.196276971976778e-307	0.0
0	16	CD34	37.282433	2.4324663	5.239650992121899e-301	0.0013333333333333333
0	17	PCAT19	37.18187	2.637769	2.090347603034128e-299	0.011333333333333334
0	18	S100A16	35.358067	2.040198	1.11035117113284e-270	0.17666666666666667
0	19	RPS29	34.489475	0.951383	1.6101279447647596e-257	0.004666666666666667
0	20	FABP4	34.0908	2.7471552	1.3386898585420648e-251	0.0006666666666666666
0	21	MARCKSL1	33.770416	1.9165928	6.772594188231425e-247	0.0
0	22	RPS26	33.68713	1.0777631	1.0755845589676018e-245	0.004
0	23	ECSCR-1	33.46592	2.4270473	1.741321330305245e-242	0.09333333333333334
0	24	RPL38	33.20181	0.9367373	1.120221657469861e-238	0.5133333333333333
0	25	TM4SF1	33.170498	2.1472034	3.0424333772860758e-238	0.0
0	26	CDH5	32.931576	2.5677667	7.627579541295642e-235	0.24466666666666667
0	27	RBP7	32.85766	2.6473353	8.386009175681995e-234	0.0
0	28	MYL6	32.79679	1.0295339	5.982724565790556e-233	0.027333333333333334
0	29	RPL10	32.652927	0.7737834	6.437006905488158e-231	0.0
0	30	PTRF	32.622715	1.7216449	1.6714188208688482e-230	0.0006666666666666666
0	31	ENG	32.560585	2.1472106	1.2289700778487967e-229	0.008
0	32	HSPG2	32.39979	2.0205414	2.220693878220351e-227	0.018
0	33	VWF	32.330036	2.2601495	2.0651729330627563e-226	0.020666666666666667
0	34	RPL27A	32.021633	0.9332501	4.1309352172410597e-222	0.38533333333333336
0	35	RPS17	31.704607	1.2402828	9.888837653850842e-218	0.324
0	36	CRIP2	31.634968	1.828451	8.750246831481103e-217	0.054
0	37	COL15A1	31.609419	2.3009229	1.9127373661736006e-216	0.013333333333333334
0	38	EGFL7	31.567183	2.0457652	7.085334466849507e-216	0.0
0	39	IL32	31.426504	2.1598356	5.829746239088568e-214	0.16466666666666666
0	40	FABP5	31.253376	1.9734249	1.299335362399886e-211	0.0
0	41	SNX3	29.938683	1.3601848	3.9003929282324574e-194	0.004
0	42	SERF2	29.853298	0.82307476	4.906048153606079e-193	0.06133333333333333
0	43	GMFG	29.646616	2.1326935	2.260203435297317e-190	0.038
0	44	SEPW1	29.515915	1.3992214	1.0602428101961184e-188	0.16066666666666668
0	45	CCDC85B	29.491783	1.6848005	2.1155180529411598e-188	0.098
0	46	GNAI2	29.182234	1.6745412	1.8390875116758787e-184	0.0
0	47	RPL32	29.135607	0.7098413	7.024283584993233e-184	0.034
0	48	ID1	28.874357	1.9538913	1.3294538720642822e-180	0.016
0	49	RPLP2	28.680943	0.72385037	3.4297607853616135e-178	0.486
0	50	RDX	28.662674	1.6922569	5.683287927619794e-178	0.20866666666666667
1	1	S100A14	41.232395	5.1161866	0.0	0.0035714285714285713
1	2	CCL25	39.529232	6.4581776	0.0	0.0011904761904761906
1	3	MDK	36.986217	2.8799067	1.6861930507583487e-295	0.0
1	4	KRT5	36.355732	4.4655237	1.4141397546294285e-285	0.06428571428571428
1	5	KRT19	35.799843	4.017383	5.891047044071081e-277	0.07738095238095238
1	6	PLTP	34.7407	4.301916	8.46532178484295e-261	0.0
1	7	TSC22D1	33.471073	2.4614286	4.814282162146449e-242	0.0011904761904761906
1	8	CALML3	32.860855	4.3021007	2.6424189044058455e-233	0.002380952380952381
1	9	RPLP1	32.659622	1.0488751	1.7241421371112115e-230	0.0
1	10	CTSV	32.23116	4.1752615	1.7136490170221436e-224	0.02142857142857143
1	11	PRSS16	32.06696	5.9239573	3.0711802800565914e-222	0.0
1	12	CSTB	31.008154	2.2531793	9.2492336645068e-208	0.005952380952380952
1	13	RPS15A	28.56883	0.9646554	2.7173863895846594e-176	0.008333333333333333
1	14	PSMB11	27.998663	6.4916105	2.6315012278084523e-169	0.0
1	15	PAX1	27.535648	5.0196195	9.685917174587463e-164	0.0011904761904761906
1	16	KRT17	26.822086	3.3480105	2.3680046836506598e-155	0.0
1	17	TBATA	26.732904	5.908965	2.4647142970188898e-154	0.008333333333333333
1	18	ZBED2	26.599411	5.0054603	8.311958545086049e-153	0.15
1	19	KRT8	25.28488	3.2006798	4.96993751485461e-138	0.004761904761904762
1	20	DSP	25.072573	2.9882994	1.0105147376235112e-135	0.002380952380952381
1	21	PDLIM1	24.493784	1.9390751	1.6899239991856644e-129	0.0
1	22	RAB42	24.47931	5.786091	2.3241447906245582e-129	0.004761904761904762
1	23	NGFRAP1	24.148464	1.5004185	7.086435713227743e-126	0.060714285714285714
1	24	HLA-DQB1	23.262894	2.6281655	9.011580824185393e-117	0.5035714285714286
1	25	GAPDH	23.109632	1.0579331	3.0701743303962796e-115	0.0
1	26	PEG10	22.965252	2.763126	8.337814014833549e-114	0.07142857142857142
1	27	SPINT2	22.960026	2.7030265	9.126258078491148e-114	0.0
1	28	CXXC5	22.854242	2.5676792	1.0048019660018584e-112	0.017857142857142856
1	29	RPS19	22.632967	0.6872774	1.5124908788856572e-110	0.0
1	30	ENO1	22.200796	1.5443534	2.3548403933048784e-106	0.014285714285714285
1	31	RPL11	20.916641	0.6292528	2.4437814788971743e-94	0.0011904761904761906
1	32	THY1	20.852425	2.0549433	9.148879334347341e-94	0.0035714285714285713
1	33	KREMEN2	20.695665	5.432963	2.3371866582446434e-92	0.011904761904761904
1	34	CYP1B1	20.662657	2.884337	4.330610696870477e-92	0.07142857142857142
1	35	RPL13A	20.154194	0.66986126	1.3951215093188088e-87	0.22857142857142856
1	36	CST3	19.816526	1.4219465	1.137194707159128e-84	0.04523809523809524
1	37	RPS2	19.605968	0.6798036	6.880634820569303e-83	0.04404761904761905
1	38	PEMT	19.446043	3.572895	1.5460744782154974e-81	0.0
1	39	PITHD1	19.315807	2.7776403	1.907040109436036e-80	0.15476190476190477
1	40	PSMB5	19.167791	1.5041713	3.199481287562365e-79	0.0
1	41	RPS15	19.128878	0.57910675	6.637589730912984e-79	0.007142857142857143
1	42	HLA-DRA	18.988905	1.7381543	9.469654877022464e-78	0.060714285714285714
1	43	LINC00176	18.835987	3.911705	1.664773295716554e-76	0.030952380952380953
1	44	RPS17	18.69332	0.87323505	2.4000856974870343e-75	0.15833333333333333
1	45	SIX1	18.621479	3.2437174	9.058463184534543e-75	0.047619047619047616
1	46	UBB	18.535423	0.70684415	4.43156100093241e-74	0.002380952380952381
1	47	CXCL14	18.52882	2.2455082	4.933138345399785e-74	0.02738095238095238
1	48	ALDOA	18.524904	1.1713759	5.147028036241889e-74	0.04285714285714286
1	49	PSIP1	18.387756	1.7045664	6.32838093265765e-73	0.44761904761904764
1	50	IFI27L2	18.379137	1.776232	7.312416857447555e-73	0.16547619047619047
2	1	COL1A1	36.68643	4.664347	3.187462766906246e-290	0.0
2	2	COL3A1	34.941822	4.111429	2.2857180840786826e-263	0.0
2	3	COL1A2	34.918846	4.102574	3.4019795566898935e-263	0.0
2	4	IGF2	33.84189	3.5107172	3.167036101779811e-247	0.04801097393689986
2	5	LGALS1	32.039215	2.5426545	1.6457604753292064e-221	0.06172839506172839
2	6	MEST	31.973137	4.1583114	1.1391016874395647e-220	0.0
2	7	PTN	31.75457	3.6355488	1.0403395698064724e-217	0.0027434842249657062
2	8	RPS8	31.560404	1.183925	4.279327291911333e-215	0.0
2	9	RPL10	30.614876	0.99032766	2.286367700802434e-202	0.0
2	10	RPL13A	29.719734	1.0960978	1.1322226654444724e-190	0.019204389574759947
2	11	GPC3	27.609573	3.79692	2.0589176433602436e-164	0.0
2	12	SFRP1	27.19257	4.304077	1.757261707159947e-159	0.0027434842249657062
2	13	VCAN	26.400074	3.2411494	2.7897328415037054e-150	0.0013717421124828531
2	14	PCOLCE	26.129921	3.037898	3.1577836261618093e-147	0.0027434842249657062
2	15	MDK	25.766903	2.0918152	3.454686128718232e-143	0.0013717421124828531
2	16	DCN	25.37886	2.6141927	6.734330643237622e-139	0.0013717421124828531
2	17	RPS23	24.99779	0.8222456	9.519895502179199e-135	0.0205761316872428
2	18	LUM	24.893301	3.0202632	1.2272760216211674e-133	0.1289437585733882
2	19	RPS15A	24.470068	0.9026487	3.7100563638599775e-129	0.00823045267489712
2	20	RPS18	24.236141	0.836128	1.0674812952413267e-126	0.0
2	21	POSTN	24.207024	3.8393836	2.073364368183825e-126	0.0
2	22	DLK1	23.74242	3.8148997	1.3958130261899966e-121	0.0
2	23	RPS7	23.6198	0.9009315	2.4611033648216088e-120	0.10699588477366255
2	24	RPS17	22.889236	1.1984982	5.841709284726191e-113	0.3840877914951989
2	25	RPL13	22.875488	0.7164768	7.719907580365653e-113	0.0
2	26	AKAP12	22.827385	2.6486688	2.24226515410404e-112	0.06721536351165981
2	27	RPS14	22.548582	0.7531027	1.2257053440737947e-109	0.0
2	28	RPL10A	22.236813	0.88907737	1.2946343249840266e-106	0.0205761316872428
2	29	OLFML3	22.159372	3.0648308	7.0214834057617e-106	0.0
2	30	OGN	21.943876	3.4613855	7.962865706677236e-104	0.0
2	31	PEG10	21.887941	2.826586	2.6399936419431215e-103	0.0013717421124828531
2	32	RPL27A	21.770418	0.8817711	3.3535200584571503e-102	0.0027434842249657062
2	33	RPS2	21.624231	0.82159233	7.828830229501738e-101	0.0054869684499314125
2	34	MEG3	21.562052	1.9655902	2.9251940960783953e-100	0.07956104252400549
2	35	RPS5	21.526428	0.8690499	6.146105598983819e-100	0.2551440329218107
2	36	RPS11	21.480385	0.8471405	1.6152148069214166e-99	0.024691358024691357
2	37	EEF1A1	21.255932	0.6434309	1.9262477601125107e-97	0.04938271604938271
2	38	RPL31	21.046476	1.01203	1.5933084157363943e-95	0.0
2	39	RPL12	20.987923	0.7917615	5.3394254667124515e-95	0.1262002743484225
2	40	RPS12	20.97319	0.71807575	7.109286653992543e-95	0.0
2	41	RPS15	20.495228	0.7162418	1.3995207501336184e-90	0.0027434842249657062
2	42	RPL32	20.230385	0.6880973	3.049189823981288e-88	0.0438957475994513
2	43	RPL14	20.204815	0.7709186	5.010743811908204e-88	0.015089163237311385
2	44	RPL41	20.155685	0.63141507	1.3255041892647382e-87	0.10973936899862825
2	45	RPL4	19.965307	0.9323523	5.972300366754684e-86	0.03566529492455418
2	46	RPL23A	19.89705	0.7318206	2.289149618538257e-85	0.0
2	47	SRPX	19.81779	2.4897416	1.0872770100891104e-84	0.01646090534979424
2	48	RPL27	19.449228	0.7555238	1.4265467962641448e-81	0.15775034293552812
2	49	RPL35A	19.298794	0.6476865	2.557921469346332e-80	0.33058984910836764
2	50	RPLP2	19.116669	0.667346	8.388308050095651e-79	0.12071330589849108
3	1	TXNIP	39.364174	3.6213555	0.0	0.0
3	2	HLA-E	37.982136	2.7853217	0.0	0.0
3	3	IGKC	36.407093	4.825276	2.9063693973211597e-286	0.0
3	4	SPARCL1	34.276768	2.7953403	1.1547598042158569e-253	0.08357348703170028
3	5	KLF2	33.29321	3.884379	2.5679267344919036e-239	0.04899135446685879
3	6	HLA-C	33.169582	2.1956248	1.3068118083322493e-237	0.0
3	7	HLA-DRB5	32.967224	5.0794973	9.079999498336342e-235	0.001440922190201729
3	8	HYAL2	30.405611	3.3458145	1.2280499113776196e-199	0.0
3	9	PECAM1	30.2954	2.7586625	3.1774520163782483e-198	0.0
3	10	HSPA1A	30.166069	3.2102878	1.4593259294971903e-196	0.002881844380403458
3	11	HLA-DRB1	30.108776	3.0600643	7.587277478062101e-196	0.0
3	12	EGFL7	29.999044	2.7026448	1.913032531816754e-194	0.011527377521613832
3	13	CLDN5	28.754915	3.1792686	1.3031783991369657e-178	0.001440922190201729
3	14	GIMAP7	28.668839	3.1606054	1.4564709391589043e-177	0.0
3	15	EPAS1	28.226347	2.7945743	3.877597695213201e-172	0.0
3	16	AQP1	28.061373	2.9996705	3.848247845742375e-170	0.0
3	17	HLA-B	27.863815	1.7276095	9.25293063302932e-168	0.008645533141210375
3	18	TIMP3	27.811728	2.5595386	3.7723478507885175e-167	0.10662824207492795
3	19	PLVAP	27.67517	2.825478	1.5356758642873255e-165	0.005763688760806916
3	20	VWF	27.16058	2.7977645	2.0144961890993297e-159	0.001440922190201729
3	21	TPT1	26.636723	1.0074975	2.4157566632128884e-153	0.0
3	22	HLA-DPA1	26.524574	2.8364794	4.615760286998017e-152	0.001440922190201729
3	23	NPDC1	26.477499	2.3077707	1.5563533071726732e-151	0.09654178674351585
3	24	UBC	26.409527	1.6088718	8.82666558004624e-151	0.40634005763688763
3	25	SOX18	26.29637	3.4494672	1.6957415567307655e-149	0.0
3	26	CLEC14A	26.291822	2.4827094	1.855206619474582e-149	0.04755043227665706
3	27	HLA-DRA	25.971575	2.5887198	7.86273028326522e-146	0.0
3	28	CD81	25.606304	2.2046726	9.560699123435912e-142	0.023054755043227664
3	29	TACC1	25.383724	2.4401028	2.7344058518703633e-139	0.0
3	30	LIFR	25.351671	2.7868786	6.0110922363523106e-139	0.0
3	31	GSN	25.269363	2.178225	4.718729226135939e-138	0.0
3	32	NOSTRIN	25.24206	3.3096604	9.178614878435194e-138	0.03602305475504323
3	33	IFI27	24.95835	2.2397459	1.1210694070329721e-134	0.07780979827089338
3	34	RNASE1	24.851751	2.5146308	1.56312808708544e-133	0.2579250720461095
3	35	GRASP	24.379293	4.1296883	1.6714755264527797e-128	0.3631123919308357
3	36	TNFSF10	24.219614	2.2910428	7.97109910398325e-127	0.069164265129683
3	37	IGFBP4	23.969767	1.9866621	3.2442657482016353e-124	0.01440922190201729
3	38	EIF1	23.763018	1.0424681	4.4533305408248636e-122	0.0
3	39	HLA-DPB1	23.688053	2.5043428	2.5912893402903058e-121	0.1642651296829971
3	40	ADIRF	23.567142	2.3954399	4.442933423238159e-120	0.0
3	41	DNAJA1	23.392805	2.0565932	2.579928565083572e-118	0.005763688760806916
3	42	IGLC2	23.123095	4.2658377	1.3320560393374623e-115	0.04610951008645533
3	43	ADGRL4	23.004553	2.4001694	2.023673566816645e-114	0.037463976945244955
3	44	MT-ND5	22.851082	1.293661	6.633099229883642e-113	0.2132564841498559
3	45	JUND	22.340258	2.0768607	6.637612164552996e-108	0.19020172910662825
3	46	SDPR	22.14721	2.8305137	4.825032939911929e-106	0.001440922190201729
3	47	TGFBR2	22.117857	2.06876	9.10234239264855e-106	0.08789625360230548
3	48	HSP90AA1	22.035736	1.3298403	5.5102779268872435e-105	0.011527377521613832
3	49	CD74	22.032154	1.9365395	5.870607126062105e-105	0.43948126801152737
3	50	S100A10	22.024317	1.6731535	6.87198157283703e-105	0.22478386167146974
4	1	DCN	39.11109	5.5966363	0.0	0.0016155088852988692
4	2	C1S	37.550556	4.4924417	1.8295133868972725e-304	0.0
4	3	C1R	37.45711	4.3996544	4.067496306610015e-303	0.0
4	4	LUM	37.38772	5.4276414	4.101785673364194e-302	0.17447495961227788
4	5	DPT	37.118477	5.604709	7.502699533597612e-298	0.11954765751211632
4	6	MGP	36.913258	4.5576367	1.2516992919241861e-294	0.0
4	7	PTGDS	36.877316	5.881547	4.044659644405725e-294	0.0032310177705977385
4	8	COL6A2	36.201183	3.7161586	1.933431438177758e-283	0.0
4	9	CST3	36.047825	2.9529305	4.395825515439826e-281	0.0
4	10	CCDC80	35.90855	4.69027	5.958153092376009e-279	0.025848142164781908
4	11	SERPINF1	35.74729	3.9560084	1.7573338930319055e-276	0.0
4	12	SEPP1	35.33545	3.7242072	3.707137334098557e-270	0.011308562197092083
4	13	GSN	35.282013	3.8830154	2.2611585661563572e-269	0.0032310177705977385
4	14	APOD	34.612717	5.089581	3.0809350388165094e-259	0.004846526655896607
4	15	LAPTM4A	34.550175	2.265398	2.5048208981130926e-258	0.0
4	16	COL6A1	33.497883	3.461252	8.576540910795325e-243	0.0016155088852988692
4	17	COL3A1	33.05043	4.2066345	2.3924600413632453e-236	0.01615508885298869
4	18	C7	32.968338	4.5071425	3.403758622666096e-235	0.1567043618739903
4	19	CFD	32.752026	5.639012	3.9656183202447495e-232	0.014539579967689823
4	20	S100A4	32.50135	3.8460019	1.3531466382070308e-228	0.004846526655896607
4	21	COL1A2	32.420883	4.018268	1.760546858213003e-227	0.0
4	22	PCOLCE	32.274208	3.618832	1.9406884215843555e-225	0.009693053311793215
4	23	SGCE	32.16061	3.6942713	7.237498424122873e-224	0.0840064620355412
4	24	SERPING1	32.067215	3.0810883	1.396276243311273e-222	0.420032310177706
4	25	FBLN5	31.268782	4.2999406	1.3158112542532174e-211	0.0016155088852988692
4	26	FMO2	31.227503	4.5794296	4.601745354517918e-211	0.07108239095315025
4	27	FTL	31.207258	1.457335	8.342347191204188e-211	0.004846526655896607
4	28	LGALS3BP	30.362116	3.0162082	1.6467426322301545e-199	0.01615508885298869
4	29	CFH	30.221779	3.5648127	1.121014457673823e-197	0.0
4	30	PRELP	29.994698	4.284151	1.0172435789289033e-194	0.0
4	31	FTH1	29.818466	1.2061273	1.9260723810932728e-192	0.0016155088852988692
4	32	ANGPTL1	29.714285	4.5845947	4.161071574006857e-191	0.008077544426494346
4	33	SRPX	29.594831	4.141246	1.3995842909140488e-189	0.006462035541195477
4	34	COL1A1	29.419113	3.5939631	2.440044327023309e-187	0.046849757673667204
4	35	FGF7	29.193285	4.265915	1.7879907080280494e-184	0.5105008077544426
4	36	ALDH1A1	29.035242	4.4801073	1.741044267123727e-182	0.025848142164781908
4	37	MFAP4	28.882853	4.001504	1.4053123271262357e-180	0.017770597738287562
4	38	COL6A3	28.815485	3.2403395	9.577020728026145e-180	0.0
4	39	GPNMB	28.800695	3.8503826	1.4295813755458199e-179	0.2455573505654281
4	40	ABCA8	28.789478	4.252611	1.9260823543292314e-179	0.0032310177705977385
4	41	ZFP36	28.756264	3.1560729	4.892009999593018e-179	0.004846526655896607
4	42	ITM2B	28.725233	1.5666662	1.166285414420924e-178	0.07592891760904685
4	43	ABCA6	28.50338	4.424404	6.560362824977497e-176	0.027463651050080775
4	44	EGR1	28.334835	2.7886658	7.757692409158941e-174	0.21647819063004847
4	45	BGN	28.193647	3.403898	4.123086122387921e-172	0.07754442649434572
4	46	PTN	28.016912	3.6166391	5.8294774253050185e-170	0.0016155088852988692
4	47	S100A6	27.8205	2.168675	1.3830390449124144e-167	0.03877221324717286
4	48	ANXA1	27.449707	2.3636422	3.86952763001987e-163	0.6526655896607432
4	49	APOE	27.395674	3.6967013	1.671405105213981e-162	0.43134087237479807
4	50	RARRES2	27.382334	3.1368973	2.361490692658564e-162	0.23909531502423265
5	1	NDUFA4L2	30.034626	4.4409833	9.193813732417018e-194	0.0
5	2	CALD1	29.62797	2.4657416	8.646584446374201e-189	0.0
5	3	RGS5	29.58185	4.3119164	2.2614729206376126e-188	0.0
5	4	PLAC9	29.31785	3.2140725	4.072697163957102e-185	0.10606060606060606
5	5	MEF2C	26.566711	2.5572832	8.733936082006174e-152	0.12794612794612795
5	6	COX4I2	26.176214	4.3040433	2.1917421505801226e-147	0.0
5	7	LGALS1	25.333971	2.2770123	5.1138511657050306e-138	0.008417508417508417
5	8	PDGFRB	25.322945	3.5598874	5.918681579903124e-138	0.0
5	9	ACTA2	24.767132	3.6872685	5.97350876477142e-132	0.0
5	10	TPM1	24.695377	2.3859324	3.179892787110314e-131	0.045454545454545456
5	11	TPM2	24.07893	2.6062453	1.0020120338629118e-124	0.0
5	12	NOTCH3	23.736868	3.6417396	3.3184938259504126e-121	0.013468013468013467
5	13	CRIP1	22.70176	2.7308812	8.780788656619592e-111	0.005050505050505051
5	14	RPS17	22.592861	1.2610877	9.6492500357025e-110	0.003367003367003367
5	15	RPS16	22.20058	0.8899428	5.994179890106233e-106	0.0
5	16	MYL9	22.18741	2.2241697	7.5320032340314e-106	0.0
5	17	RPLP2	21.908205	0.7996019	3.3846523712168214e-103	0.006734006734006734
5	18	COL4A2	21.381008	2.0415823	2.9577050850752684e-98	0.16161616161616163
5	19	SEPT4	20.287298	3.3166077	2.3239046754333593e-88	0.010101010101010102
5	20	COL4A1	20.189138	1.993497	1.6173536576088556e-87	0.0
5	21	OAZ2	19.722427	1.941139	1.7480584164980485e-83	0.0
5	22	MT2A	19.502987	1.9681294	1.2482902621203335e-81	0.013468013468013467
5	23	RPS8	19.082613	0.81660235	4.061058698722093e-78	0.49663299663299665
5	24	SPARC	18.856125	1.5170605	2.891948302222712e-76	0.5151515151515151
5	25	CPE	18.754324	1.9483202	1.893249007577172e-75	0.0
5	26	RPL27	18.617252	0.79108715	2.3751602847828708e-74	0.2356902356902357
5	27	RPL27A	18.54602	0.8093234	8.625622083129738e-74	0.0
5	28	RPL10	18.321438	0.6608404	5.286889545060114e-72	0.02861952861952862
5	29	RPL37A	18.085209	0.7027134	3.811434057945628e-70	0.0
5	30	SULT1E1	18.078274	5.185084	4.178215685371574e-70	0.0016835016835016834
5	31	RPS5	17.924728	0.7821275	6.469046816751396e-69	0.0016835016835016834
5	32	MYLK	17.860456	2.322387	1.986283880795087e-68	0.006734006734006734
5	33	RPL35	17.847904	0.71270174	2.4116330190266496e-68	0.005050505050505051
5	34	RPL23A	17.669535	0.69468755	5.6150076687703906e-67	0.17845117845117844
5	35	RPL13A	17.444357	0.75923586	2.8790963355036463e-65	0.24579124579124578
5	36	RPS27	17.03671	0.6114139	3.144530969582586e-62	0.05218855218855219
5	37	RPL23	16.830853	0.789644	1.0119562666839232e-60	0.008417508417508417
5	38	RPS26	16.776117	0.8224566	2.481492415885611e-60	0.0
5	39	KCNJ8	16.762287	3.7056694	3.053475611881743e-60	0.13804713804713806
5	40	RPL5	16.731936	0.739912	4.961456959238604e-60	0.0
5	41	MYL6	16.72861	0.81268996	5.121563673296117e-60	0.0016835016835016834
5	42	RPS15	16.67697	0.63263994	1.1887969748905554e-59	0.05723905723905724
5	43	RPS19	16.65303	0.68303996	1.7338238915857688e-59	0.03198653198653199
5	44	RPL18A	16.616152	0.6451119	3.137730198364075e-59	0.13468013468013468
5	45	RPS11	16.516272	0.71915734	1.6153615198221854e-58	0.058922558922558925
5	46	HBG2	16.478855	1.2035686	2.8763500727044083e-58	0.0
5	47	RPS15A	16.475986	0.6874798	2.9545530104192406e-58	0.02356902356902357
5	48	SOX4	16.29856	1.3838603	5.359511126886368e-57	0.11447811447811448
5	49	RPS2	16.249353	0.7086486	1.1737963025979479e-56	0.4764309764309764
5	50	THY1	16.032934	1.8829143	3.765018894518547e-55	0.14646464646464646
6	1	CALML5	30.3131	7.5331573	2.0430025556381597e-197	0.02318840579710145
6	2	CSTB	29.815289	4.1216826	3.2825818808707265e-191	0.0
6	3	PERP	29.56671	6.1630893	3.540696714767671e-188	0.0
6	4	SFN	28.821877	6.3831687	7.566258497859347e-179	0.2898550724637681
6	5	SLPI	28.77139	7.103331	2.5948187441769434e-178	0.17971014492753623
6	6	CSTA	28.621443	6.6294184	1.6067315028811195e-176	0.011594202898550725
6	7	S100A9	27.820356	6.966519	9.32304631506892e-167	0.011594202898550725
6	8	KRT6A	27.735601	7.509671	8.616993843747508e-166	0.0
6	9	S100A11	27.429136	3.1401775	3.631766329541934e-162	0.005797101449275362
6	10	PI3	26.709375	6.7696586	9.71445757973693e-154	0.08985507246376812
6	11	SPINK5	26.680042	7.6497555	1.934486689253344e-153	0.0
6	12	FXYD3	26.496283	6.050378	2.364112672721969e-151	0.028985507246376812
6	13	KRT19	26.016556	4.9862256	6.563761510802751e-146	0.10144927536231885
6	14	S100A14	25.833221	4.3263087	7.115354912933695e-144	0.0
6	15	VAMP8	25.75859	3.9250975	4.566435346729056e-143	0.0
6	16	CLDN4	25.608995	6.088808	2.0076850625499827e-141	0.011594202898550725
6	17	TACSTD2	25.52579	6.3418765	1.591030152509889e-140	0.011594202898550725
6	18	PPDPF	25.26059	2.5004566	1.2765240747214771e-137	0.3159420289855073
6	19	CD24	25.2324	5.9626055	2.4666648022286387e-137	0.08115942028985507
6	20	RAB25	24.987377	5.535139	1.1119069155517166e-134	0.27246376811594203
6	21	CLIC3	24.76866	5.0902143	2.4647929447286066e-132	0.02318840579710145
6	22	LYPD2	24.635862	6.9717803	6.288693219044254e-131	0.057971014492753624
6	23	SMIM22	24.48548	6.448906	2.432147776035142e-129	0.4579710144927536
6	24	KRT23	24.476871	7.677936	2.8784781160883468e-129	0.7768115942028986
6	25	CALML3	24.333223	4.206285	9.257910657260756e-128	0.0
6	26	C19orf33	24.239748	5.3788223	8.65125860087985e-127	0.3217391304347826
6	27	DMKN	24.07873	5.1542115	4.102109683671215e-125	0.17681159420289855
6	28	MAL2	24.07264	6.973609	4.581525151105382e-125	0.09565217391304348
6	29	LYPD3	24.020906	6.5823116	1.4867503663772464e-124	0.0
6	30	MUC15	23.671669	6.678701	6.041504180403268e-121	0.1072463768115942
6	31	HOPX	23.583172	5.352021	4.7540822118037536e-120	0.0
6	32	ELF3	23.474552	6.2144675	5.96527784447801e-119	0.017391304347826087
6	33	SPINT2	23.47053	3.6489031	6.364232817091068e-119	0.11304347826086956
6	34	KRT18	23.425802	4.6431727	1.7678735870407533e-118	0.0927536231884058
6	35	HSPB1	23.163338	2.1073534	7.859246265825738e-116	0.48405797101449277
6	36	SNCG	23.021143	3.3275065	2.0520239349210736e-114	0.11304347826086956
6	37	CST6	22.62982	6.5009766	1.5388684769873737e-110	0.008695652173913044
6	38	CYP4B1	22.468843	6.1836605	5.694505436787927e-109	0.002898550724637681
6	39	RHOV	22.413681	6.3287206	1.9193016654215223e-108	0.37681159420289856
6	40	KRT10	22.38094	3.9039128	3.904215160763412e-108	0.005797101449275362
6	41	S100A8	22.014343	5.8238974	1.3252836830778533e-104	0.08695652173913043
6	42	CNFN	21.988358	5.1358857	2.295595903489973e-104	0.2608695652173913
6	43	CD9	21.764164	3.102848	3.0574069840767516e-102	0.17971014492753623
6	44	CLDN3	21.75509	5.606176	3.643558499471369e-102	0.3188405797101449
6	45	GLTP	21.735985	3.6600883	5.404858187465617e-102	0.2927536231884058
6	46	LCN2	21.486399	6.6583333	1.1529944503317408e-99	0.005797101449275362
6	47	DEFB1	21.42104	7.4109797	4.604224623272567e-99	0.23768115942028986
6	48	RAB11FIP1	21.30456	4.6930947	5.4625534220877424e-98	0.057971014492753624
6	49	DSP	21.04356	3.573872	1.33595550722152e-95	0.7275362318840579
6	50	NCCRP1	21.024746	7.5610523	1.9488080003782453e-95	0.2927536231884058
7	1	ACKR1	28.77229	5.411367	1.2642437983179704e-177	0.0
7	2	CD74	27.114481	3.5221705	8.812817206965202e-158	0.0
7	3	CDC42EP3	26.205572	4.0147295	2.0296061165976645e-147	0.0
7	4	B2M	26.047253	1.6870353	9.582232891009092e-146	0.1390532544378698
7	5	HLA-A	25.983335	2.2527115	4.0530107022619606e-145	0.12721893491124261
7	6	TSPAN7	25.517744	3.6031086	5.537175621725753e-140	0.0
7	7	SPARCL1	25.163202	2.8430018	3.838995493091257e-136	0.0029585798816568047
7	8	RAMP3	24.419361	3.5061471	3.5313243356768114e-128	0.0029585798816568047
7	9	HLA-DRB1	23.861614	3.2315943	2.260720393738217e-122	0.0
7	10	FKBP1A	23.547506	2.1885135	3.530868630092737e-119	0.03254437869822485
7	11	ENG	23.256588	2.834729	2.941625255055148e-116	0.0
7	12	NFKBIA	23.120272	2.701805	6.399282307379604e-115	0.011834319526627219
7	13	CD59	23.070808	2.3057241	1.8553250512806677e-114	0.005917159763313609
7	14	SDCBP	22.908009	2.4635153	7.323698868675536e-113	0.0
7	15	TM4SF1	22.881376	3.0296082	1.2591197735405727e-112	0.0
7	16	SOCS3	22.814457	3.143797	5.461721312578626e-112	0.0
7	17	DUSP23	22.567427	3.0343337	1.4128036249903676e-109	0.005917159763313609
7	18	ADGRL4	22.541267	2.9898744	2.4098671493268095e-109	0.21005917159763313
7	19	HLA-C	22.426283	2.036641	3.044496478997496e-108	0.0
7	20	CDKN1A	22.22146	3.2190158	2.824717058367968e-106	0.008875739644970414
7	21	ZFP36	22.213316	3.0276918	3.2250933186280953e-106	0.0029585798816568047
7	22	HLA-DRA	22.177216	2.9572473	6.870978687439765e-106	0.005917159763313609
7	23	HLA-E	21.94401	2.0666947	1.1391485821068886e-103	0.026627218934911243
7	24	HLA-DPA1	21.72441	2.961441	1.332933449498101e-101	0.7189349112426036
7	25	NNMT	21.654655	3.0847392	5.82808914956041e-101	0.0
7	26	HLA-DPB1	21.439798	2.816034	5.7995757474754076e-99	0.14792899408284024
7	27	RCAN1	21.327478	4.316374	6.199670050503608e-98	0.0029585798816568047
7	28	SLC2A3	21.311272	2.88405	8.452162013805923e-98	0.023668639053254437
7	29	NPC2	21.102577	2.204031	6.887622149700475e-96	0.0
7	30	IFI27	21.00066	2.5902596	5.717773594234373e-95	0.0029585798816568047
7	31	BCAM	20.935904	2.308107	2.1578758104293865e-94	0.008875739644970414
7	32	SELE	20.788124	4.9895663	4.59429816197915e-93	0.038461538461538464
7	33	ZNF385D	20.761492	3.1293943	7.756890284509747e-93	0.03550295857988166
7	34	CLU	20.743532	3.0492237	1.0938833936755154e-92	0.22781065088757396
7	35	SNCG	20.723618	2.6936653	1.6073283987986183e-92	0.4881656804733728
7	36	NRN1	20.705364	2.9199123	2.2828266431143773e-92	0.05325443786982249
7	37	PCAT19	20.698689	2.5970197	2.5511582444543242e-92	0.047337278106508875
7	38	CCL14	20.663197	3.1239026	5.18398506357549e-92	0.0
7	39	JAM2	20.47031	2.6528285	2.6933771298734876e-90	0.23076923076923078
7	40	MYL12A	19.862083	1.6517154	5.744298530435213e-85	0.0
7	41	ETS2	19.820147	2.563362	1.2905839867376582e-84	0.0029585798816568047
7	42	HLA-B	19.736895	1.6937752	6.565372601407083e-84	0.029585798816568046
7	43	JUNB	19.724613	2.5495188	8.176182006899904e-84	0.04142011834319527
7	44	RPS4Y1	19.669481	2.6379366	2.373479675343618e-83	0.29289940828402367
7	45	RPS6	19.639427	0.97900736	4.1958219624229456e-83	0.22485207100591717
7	46	ICAM1	19.622622	3.2321086	5.713779971658498e-83	0.0
7	47	PLVAP	19.56559	2.5276258	1.714566403299519e-82	0.07100591715976332
7	48	PECAM1	19.465353	2.40819	1.1934103824571378e-81	0.04142011834319527
7	49	EMP1	19.409445	2.3119824	3.4755852579692224e-81	0.5118343195266272
7	50	IGFBP7	18.973875	2.1277936	1.4875146222821372e-77	0.363905325443787
8	1	HBA2	29.643583	9.222883	1.0881332642453215e-188	0.0
8	2	HBA1	29.563513	9.685706	5.838125210745687e-188	0.0
8	3	SLC25A37	28.976648	5.6037993	1.1454422957036042e-180	0.0
8	4	HBB	27.997171	8.091912	1.1661196598017047e-168	0.11437908496732026
8	5	HBG1	27.03745	8.045802	2.8457933105805103e-157	0.029411764705882353
8	6	ALAS2	26.760906	8.866748	4.074796371258843e-154	0.0
8	7	HBG2	26.099468	9.292794	1.40059977583296e-146	0.0032679738562091504
8	8	HBM	25.88338	8.645124	3.396900466594352e-144	0.0
8	9	BLVRB	25.635239	4.5223427	1.8201485337045793e-141	0.0
8	10	AHSP	25.320152	8.503367	5.082642167834427e-138	0.0
8	11	SNCA	24.460423	6.0525	7.952814640901232e-129	0.0032679738562091504
8	12	HEMGN	22.457935	8.491577	1.4194503097855523e-108	0.013071895424836602
8	13	GYPB	22.21239	9.215087	2.7653566449033536e-106	0.0032679738562091504
8	14	SLC4A1	21.705236	7.750658	1.7340137867939802e-101	0.0032679738562091504
8	15	GYPA	20.939037	8.937893	1.5277266177925378e-94	0.0
8	16	SLC25A39	19.893616	3.3163238	1.9455827610892897e-85	0.0
8	17	GYPC	18.941725	2.3530996	1.4425748607122969e-77	0.0
8	18	HMBS	18.286034	5.1607256	2.625371460149576e-72	0.08496732026143791
8	19	MYL4	17.808184	5.0577846	1.316498685581219e-68	0.006535947712418301
8	20	HBQ1	16.433525	7.738487	1.9078754311598324e-58	0.0
8	21	EPB42	16.269033	6.5216675	2.730781894619372e-57	0.0
8	22	FECH	16.244453	4.7808495	4.052789057969586e-57	0.0
8	23	AC104389.1	16.178125	4.4634476	1.1778818535845955e-56	0.09477124183006536
8	24	PRDX2	16.034126	2.3502793	1.165201953713666e-55	0.2875816993464052
8	25	SELENBP1	14.932125	2.8711898	2.7142402193358053e-48	0.0
8	26	GLRX5	14.785594	2.6143157	2.406024971622485e-47	0.058823529411764705
8	27	FAM210B	14.703188	2.609088	7.955371939328262e-47	0.0
8	28	STRADB	13.924048	4.1583343	5.106844721950764e-42	0.00980392156862745
8	29	SLC2A1	13.853184	5.015309	1.3336384466848884e-41	0.0
8	30	BPGM	13.550881	3.8928719	7.985018422813894e-40	0.0032679738562091504
8	31	KLF1	13.475072	8.478784	2.2280025770556382e-39	0.0032679738562091504
8	32	HBZ	12.954911	6.0028877	1.9948004707866647e-36	0.0
8	33	UROD	12.849192	2.5398977	7.708829906033702e-36	0.0
8	34	MPP1	12.487137	3.0382414	7.295525025170849e-34	0.10784313725490197
8	35	FBXO7	12.254984	2.0543914	1.2543860922402733e-32	0.12745098039215685
8	36	UCP2	11.7153425	2.8441658	7.66491453813448e-30	0.00980392156862745
8	37	TFRC	11.64635	3.745677	1.7166341851304147e-29	0.006535947712418301
8	38	HAGH	11.554594	1.9020584	4.9356406240457826e-29	0.0
8	39	BSG	11.201382	1.191981	2.674811459226035e-27	0.10457516339869281
8	40	SMIM1	11.033707	4.0177546	1.663390138904218e-26	0.0032679738562091504
8	41	TRIM58	10.678192	5.256024	7.488058980949834e-25	0.006535947712418301
8	42	DMTN	10.428365	4.047168	1.014639773020591e-23	0.049019607843137254
8	43	RHAG	10.184088	8.702303	1.24367549651682e-22	0.02287581699346405
8	44	TMEM56	10.147438	4.459558	1.8006938372151978e-22	0.0915032679738562
8	45	DCAF12	10.109908	3.123073	2.6221341075847345e-22	0.0196078431372549
8	46	EPB41	10.083962	2.799552	3.3891802256388763e-22	0.0
8	47	GMPR	10.063061	3.532726	4.167430194696936e-22	0.00980392156862745
8	48	NFE2	10.0349245	6.077206	5.501442432268303e-22	0.016339869281045753
8	49	BNIP3L	9.637034	1.5505514	2.704168794416304e-20	0.2875816993464052
8	50	PIM1	9.349192	2.7694676	4.017575343904225e-19	0.0915032679738562
9	1	TAGLN	27.267885	6.410752	2.704849562108798e-159	0.0
9	2	C11orf96	26.799448	5.9073653	4.34848723057042e-154	0.0
9	3	MYL9	26.210848	4.3883185	1.7671713864104417e-147	0.0
9	4	ADIRF	25.485811	4.0770593	1.87756425053831e-139	0.11486486486486487
9	5	TIMP3	25.05936	3.368842	7.321463373393563e-135	0.04391891891891892
9	6	TPM2	24.872253	4.700148	6.566942125491321e-133	0.0
9	7	TPM1	24.403223	3.5600893	5.988204382242792e-128	0.0
9	8	CSRP2	23.110434	3.353723	1.2055115103676627e-114	0.0
9	9	DSTN	22.976595	3.0217714	2.3547798059057582e-113	0.0
9	10	MFGE8	22.878487	3.4223557	2.0180520898985835e-112	0.02702702702702703
9	11	FKBP5	22.603579	3.8838995	9.634731217251454e-110	0.0
9	12	HSPA1A	22.363453	3.7013252	1.9741724814002695e-107	0.006756756756756757
9	13	IGFBP5	22.343142	3.8782797	2.8720519059784787e-107	0.0033783783783783786
9	14	IGKC	22.306526	3.7605026	6.04957521009213e-107	0.0
9	15	PPP1R14A	22.25929	4.020077	1.621032193446141e-106	0.0
9	16	CALD1	22.240938	2.4424734	2.288031814960151e-106	0.0
9	17	TINAGL1	22.185913	3.4168732	7.32876027410356e-106	0.006756756756756757
9	18	SPARCL1	22.172731	2.7134721	9.277745399650159e-106	0.14864864864864866
9	19	ACTA2	22.020058	4.5179944	2.582565392799631e-104	0.010135135135135136
9	20	MT2A	21.800241	3.30578	3.0603192434030586e-102	0.0
9	21	LMOD1	21.794031	5.59484	3.338059679215273e-102	0.0
9	22	RERGL	21.143368	5.740915	3.828430913915521e-96	0.02702702702702703
9	23	MCAM	21.000889	3.497694	7.422161831316754e-95	0.8074324324324325
9	24	HES4	20.843012	3.8364189	1.949040253801209e-93	0.44594594594594594
9	25	MT-CYB	20.743048	1.5905249	1.5027514529791386e-92	0.0
9	26	PLN	20.565754	5.319537	5.463877277410023e-91	0.0472972972972973
9	27	RRAD	20.065044	5.2855706	1.4127436469659183e-86	0.0
9	28	ATF3	20.018	3.7688081	3.510064459318788e-86	0.02027027027027027
9	29	CEBPD	19.949055	2.9435055	1.3503267828421899e-85	0.0
9	30	SELM	19.857883	2.3154304	8.058317499757348e-85	0.0033783783783783786
9	31	NR2F2	19.780066	2.7471757	3.664069844302857e-84	0.0
9	32	MT-ATP6	19.745766	1.8380966	7.010293382383605e-84	0.016891891891891893
9	33	S100A6	19.587296	2.1683326	1.5479333594047093e-82	0.02027027027027027
9	34	CD81	19.43431	2.4061315	2.9982623736141605e-81	0.033783783783783786
9	35	NEXN	19.364122	4.9707117	1.1416257600039478e-80	0.26013513513513514
9	36	MYH11	19.312613	4.716922	3.0156841275856293e-80	0.05405405405405406
9	37	MT-ND3	19.05955	1.5630428	3.7226228650364527e-78	0.0
9	38	PHLDA2	18.964418	4.435707	2.2258328802970142e-77	0.0
9	39	UBA2	18.792116	2.9948063	5.667098528453377e-76	0.19932432432432431
9	40	MTHFD2	18.788157	3.708606	5.928832016048442e-76	0.0
9	41	JUND	18.787193	2.4070592	5.928832016048442e-76	0.0033783783783783786
9	42	MT-ND5	18.545633	1.5374588	5.33125214735568e-74	0.0777027027027027
9	43	YBX3	18.39445	2.0861003	8.576717785644174e-73	0.02702702702702703
9	44	RHOB	18.311672	2.3695893	3.850394092722209e-72	0.18243243243243243
9	45	EPS8	18.034582	3.2500288	5.7614389262619216e-70	0.08108108108108109
9	46	MT-ND4L	18.003485	1.991158	9.703116319398488e-70	0.0
9	47	CRIP1	17.847063	2.6107998	1.584152595306449e-68	0.08445945945945946
9	48	HSP90AA1	17.60914	1.6970131	1.0689904388315702e-66	0.17229729729729729
9	49	ARHGAP10	17.575624	3.3736365	1.8949289181471193e-66	0.5777027027027027
9	50	SOD3	17.572624	2.764138	1.9608240566266696e-66	0.17905405405405406
10	1	B2M	26.840607	1.9645809	2.8793421494259643e-154	0.0
10	2	HLA-A	25.328135	2.3642867	2.0754661823934914e-137	0.0
10	3	HLA-C	24.733625	2.4345725	4.1123585790191957e-131	0.0
10	4	SRGN	23.782001	4.093162	3.4003183752764844e-121	0.11824324324324324
10	5	IFI27	23.059404	3.033581	6.176424826446538e-114	0.11824324324324324
10	6	HLA-B	23.05222	2.0497694	6.176424826446538e-114	0.0
10	7	STOM	22.398937	2.9528344	1.52708925599964e-107	0.006756756756756757
10	8	CD9	22.262749	2.9613168	2.8138144070979603e-106	0.0
10	9	TM4SF1	22.193142	3.2754297	1.178774233577439e-105	0.0
10	10	RNASE1	21.739645	3.060052	2.2957158326124268e-101	0.0472972972972973
10	11	CLDN5	21.573196	3.4428434	7.732880326232355e-100	0.0
10	12	HLA-E	21.437645	2.156217	1.3160890603534715e-98	0.016891891891891893
10	13	EPAS1	21.29803	2.8715858	2.4151976986819287e-97	0.006756756756756757
10	14	BST2	20.969164	2.2684424	2.3763899423175164e-94	0.0
10	15	ICAM2	20.239931	2.843523	7.704702117381109e-88	0.0
10	16	ZFP36	20.190065	2.9344325	1.9841412316427091e-87	0.0
10	17	CLEC14A	20.176546	2.7409186	2.454861018612079e-87	0.0
10	18	CD59	20.010233	2.1487756	6.60864928924896e-86	0.20608108108108109
10	19	RAMP2	19.690575	2.6297016	3.625276731758487e-83	0.010135135135135136
10	20	TAGLN2	19.166319	1.9648454	9.380324127626531e-79	0.006756756756756757
10	21	APOLD1	19.10044	3.4644835	3.161823576651286e-78	0.0
10	22	SOX17	19.097933	3.6771114	3.1665261734333306e-78	0.013513513513513514
10	23	KLF4	19.038992	3.105156	9.34803735484974e-78	0.14527027027027026
10	24	SOCS3	19.020952	2.7992008	1.2639602287078544e-77	0.8175675675675675
10	25	FKBP1A	19.005308	1.9020069	1.6350860276447547e-77	0.006756756756756757
10	26	ADGRL4	18.971859	2.667849	2.9723955343777594e-77	0.1891891891891892
10	27	A2M	18.713974	2.2724984	3.741190329358183e-75	0.0033783783783783786
10	28	ENG	18.606073	2.4285328	2.717213483173113e-74	0.02364864864864865
10	29	SRP14	18.369696	1.588387	1.9036113418530773e-72	0.0
10	30	CD74	18.309177	2.4727967	5.61891410200601e-72	0.006756756756756757
10	31	MGLL	18.278168	2.5550907	9.633437661157813e-72	0.016891891891891893
10	32	IFITM3	18.222147	1.537513	2.609326970270683e-71	0.07432432432432433
10	33	NOTCH4	18.177788	2.8157332	5.7012420787725735e-71	0.037162162162162164
10	34	CRIP2	18.114954	2.0729203	1.740843464221312e-70	0.4527027027027027
10	35	CDKN1A	18.067493	2.7059186	4.010451864196434e-70	0.5
10	36	JAM2	18.061193	2.6356852	4.3431248785947013e-70	0.05067567567567568
10	37	EMP1	18.060265	2.2716103	4.3431248785947013e-70	0.12837837837837837
10	38	JUNB	17.54316	2.4243655	4.23628120664588e-66	0.0033783783783783786
10	39	SAT1	17.53892	2.4794457	4.4584048557968763e-66	0.25
10	40	ESAM	17.341114	2.2614877	1.356815258661792e-64	0.0
10	41	PCAT19	17.23729	2.316552	7.703212343590672e-64	0.0
10	42	IFITM1	17.232197	2.3518717	8.240540134183183e-64	0.05405405405405406
10	43	IFITM2	17.188307	1.8188109	1.7231586355817607e-63	0.02027027027027027
10	44	IFI44L	16.97488	2.7086556	6.5524982929506465e-62	0.2635135135135135
10	45	BCAM	16.934795	2.0201786	1.2710194982062679e-61	0.21283783783783783
10	46	CAV1	16.920673	2.128623	1.5851222759090277e-61	0.0
10	47	CDC37	16.565317	1.8204855	5.985007524986572e-59	0.0472972972972973
10	48	PI3	16.541527	2.3406851	8.727603970769043e-59	0.037162162162162164
10	49	CYYR1	16.494213	2.6363337	1.878684412813789e-58	0.5405405405405406
10	50	TACC1	16.40509	2.128906	8.041205502965193e-58	0.23986486486486486
11	1	COL3A1	28.307558	6.4041734	7.397871750671521e-172	0.003472222222222222
11	2	COL6A3	28.231594	5.352043	3.176081779933889e-171	0.0
11	3	COL1A2	27.763464	5.886711	1.0595300301144156e-165	0.0
11	4	COL6A1	27.733618	4.459182	1.8210423718198135e-165	0.1840277777777778
11	5	COL1A1	27.687555	6.164805	5.229606854395408e-165	0.16666666666666666
11	6	COL6A2	27.637342	4.3281946	1.75110070141482e-164	0.0
11	7	LRP1	27.455736	5.105857	2.2482258362521974e-162	0.020833333333333332
11	8	CD81	26.834234	3.6594708	4.271526952974127e-155	0.003472222222222222
11	9	LAMA2	26.679264	5.4832234	2.4139881619635164e-153	0.0
11	10	GSN	26.410307	4.245126	2.7667832347716014e-150	0.04513888888888889
11	11	MGP	26.301853	4.7410026	4.403114206448319e-149	0.010416666666666666
11	12	LAMB1	26.141747	4.1477447	2.7033822107321657e-147	0.03125
11	13	SRPX	26.091274	4.7883134	9.342543440928565e-147	0.003472222222222222
11	14	COL5A1	26.044758	4.6784887	2.921920203234789e-146	0.003472222222222222
11	15	MT-ATP6	25.79534	2.841713	1.768334388693978e-143	0.0
11	16	DPT	25.737392	5.0628333	7.395040297726566e-143	0.017361111111111112
11	17	TIMP2	25.654114	3.6694937	5.93436846897459e-142	0.024305555555555556
11	18	C3	25.614944	5.0962205	1.5320172490725187e-141	0.22916666666666666
11	19	MTRNR2L12	25.602743	4.206435	1.984689916209377e-141	0.027777777777777776
11	20	PCOLCE	25.595531	4.131206	2.2683987129704696e-141	0.0
11	21	C7	25.581266	4.910504	3.113882575121326e-141	0.0
11	22	MMP2	25.526552	4.25759	1.2057120950402038e-140	0.024305555555555556
11	23	MXRA5	25.376186	4.710343	5.105806517764636e-139	0.1388888888888889
11	24	DCN	25.132051	4.9318595	2.2657524146965684e-136	0.3229166666666667
11	25	PDGFRA	25.13204	4.5784087	2.2657524146965684e-136	0.0
11	26	COL5A2	25.10412	4.029167	4.404100353235492e-136	0.09375
11	27	LTBP4	25.059986	4.1362724	1.2490126753725569e-135	0.0
11	28	COL15A1	25.059782	4.1690993	1.2490126753725569e-135	0.041666666666666664
11	29	MT-ND3	24.945614	2.3523283	2.1063459193982294e-134	0.0
11	30	MT-ND4	24.937721	1.9420619	2.4826646020595066e-134	0.0
11	31	FSTL1	24.935951	3.4250479	2.51373054991874e-134	0.0
11	32	HSPG2	24.791971	3.233502	8.535892504246424e-133	0.006944444444444444
11	33	COL6A6	24.78637	5.5342956	9.529413212430984e-133	0.006944444444444444
11	34	C1R	24.761557	3.9960651	1.714813433824317e-132	0.024305555555555556
11	35	ANGPTL1	24.619946	4.580891	5.537426979616393e-131	0.6736111111111112
11	36	C1S	24.578203	3.9489932	1.507990310727923e-130	0.15625
11	37	SPOCK1	24.56742	4.492226	1.915994302620971e-130	0.052083333333333336
11	38	ABCA6	24.296228	4.6604633	1.4246502400059005e-127	0.0
11	39	GPC3	24.28693	4.2170305	1.7428013989084177e-127	0.2916666666666667
11	40	CCDC80	24.241945	4.1017647	5.077299483839658e-127	0.003472222222222222
11	41	CFD	24.18571	5.3905406	1.9398695380387035e-126	0.017361111111111112
11	42	PTGDS	24.066292	5.0796876	3.397680182394608e-125	0.19791666666666666
11	43	MT-CO3	23.928116	1.7510962	9.203633360037117e-124	0.04861111111111111
11	44	LAMC1	23.860373	3.3047245	4.5564814727602496e-123	0.3090277777777778
11	45	ABCA9	23.786821	4.815319	2.5799250893403477e-122	0.1111111111111111
11	46	SPARC	23.771582	2.5299594	3.6319044581977013e-122	0.0
11	47	PTN	23.758688	4.1731634	4.836013869875149e-122	0.10416666666666667
11	48	TNXB	23.69632	4.7594066	2.0871109825569597e-121	0.8159722222222222
11	49	SPRY1	23.645119	3.1949875	6.889892667469331e-121	0.5381944444444444
11	50	IGF2	23.435503	3.900158	9.476087193641455e-119	0.3923611111111111
12	1	RAMP2	24.553177	3.376375	1.0608002575216363e-128	0.0
12	2	GJA4	24.394627	4.5744915	2.585880430821831e-127	0.0
12	3	SLC9A3R2	23.81499	3.7481134	2.0649520314851416e-121	0.0
12	4	CAV1	23.654776	3.1269183	6.988099097675098e-120	0.15087719298245614
12	5	CXCL12	22.57657	3.7382848	3.906143153622481e-109	0.11929824561403508
12	6	SRP14	22.473732	1.7382702	3.315636088592056e-108	0.0
12	7	ID1	21.737074	3.0040312	3.468596848425218e-101	0.007017543859649123
12	8	SRGN	21.678923	3.4435902	1.0753121330212373e-100	0.0
12	9	TMSB10	21.671448	1.806636	1.1243781707032792e-100	0.0
12	10	IGF2	21.650488	3.469071	1.594951075518201e-100	0.017543859649122806
12	11	MECOM	20.878792	4.1802516	2.0125242540445983e-93	0.0
12	12	STMN1	20.852852	2.6961317	3.173659627403243e-93	0.021052631578947368
12	13	CRIP2	20.583805	2.3851914	7.820923258999128e-91	0.010526315789473684
12	14	A2M	20.549305	2.624724	1.4789372947737522e-90	0.0
12	15	CLEC14A	20.281158	2.8217914	3.3351179892830967e-88	0.0
12	16	PODXL	19.604689	3.547874	2.337306376912262e-82	0.0
12	17	GNG11	19.56482	2.3438747	4.812451677352854e-82	0.010526315789473684
12	18	CDH5	19.506922	2.9268851	1.41271687863065e-81	0.2
12	19	RNASE1	19.40798	2.7943535	9.222462341311208e-81	0.007017543859649123
12	20	TM4SF1	19.130886	2.647943	1.8521240993795282e-78	0.0
12	21	ID3	18.591755	2.1783628	4.732036987199227e-74	0.0
12	22	RDX	18.491812	2.2234197	2.8972038263479375e-73	0.010526315789473684
12	23	SNX3	17.797163	1.7875444	8.57175408514484e-68	0.4666666666666667
12	24	PTRF	17.628048	1.8689153	1.6581304521903504e-66	0.6701754385964912
12	25	RAC1	17.593401	1.6011475	2.935863742349286e-66	0.0
12	26	NOTCH4	17.1851	2.8973963	3.502202466561861e-63	0.3543859649122807
12	27	KDR	17.016624	2.85496	6.073549090041228e-62	0.0
12	28	IL32	16.996838	2.2822251	8.208943205897244e-62	0.031578947368421054
12	29	JAM2	16.982283	2.452871	1.0157962697701014e-61	0.0
12	30	IFI27	16.952194	2.3420045	1.6389601887869235e-61	0.0
12	31	ESAM	16.8281	2.2955925	1.2994802351012078e-60	0.010526315789473684
12	32	CLDN5	16.81106	2.5517294	1.678352016313538e-60	0.042105263157894736
12	33	ECSCR-1	16.3743	2.327447	2.3453528704137372e-57	0.028070175438596492
12	34	SOX17	16.367838	3.0951934	2.5313934596174536e-57	0.5263157894736842
12	35	FABP4	16.304605	2.6945226	6.935194851291406e-57	0.4280701754385965
12	36	TCF4	16.295225	1.6812345	7.860920079377573e-57	0.07719298245614035
12	37	CD34	16.187634	2.1632638	4.419089537886523e-56	0.05964912280701754
12	38	NPDC1	16.166834	1.9831457	6.031719462193954e-56	0.0
12	39	HEG1	16.153282	2.7380598	7.321989291526354e-56	0.18596491228070175
12	40	EFCAB14	16.056803	2.6783426	3.396422061531247e-55	0.0
12	41	TIE1	16.026213	2.791545	5.422961122158855e-55	0.007017543859649123
12	42	PALMD	15.742953	2.304953	4.8478156874509685e-53	0.09473684210526316
12	43	HEY1	15.618494	3.4383948	3.3598722466441224e-52	0.031578947368421054
12	44	PRND	15.602936	3.827866	4.19026889461924e-52	0.17543859649122806
12	45	EPAS1	15.394819	2.0624886	1.0449954817245236e-50	0.10877192982456141
12	46	RBP7	15.38895	2.5765936	1.1193598778813988e-50	0.0
12	47	COL4A1	15.350997	2.1714964	1.9680464557843687e-50	0.03508771929824561
12	48	AQP1	15.321466	2.230907	3.0367459704283426e-50	0.0
12	49	ATP5E	15.264251	1.0406076	7.162486569561975e-50	0.5157894736842106
12	50	ADAM15	15.167886	2.286193	3.0607056648258505e-49	0.256140350877193
13	1	MYL9	26.268997	4.8182573	1.1501843664405936e-147	0.0
13	2	TAGLN	24.692152	5.50253	1.721942832132431e-130	0.0
13	3	TPM2	24.066553	4.2817054	4.951888007408671e-124	0.0
13	4	ADIRF	23.740213	3.912788	9.194028267977998e-121	0.13108614232209737
13	5	ACTA2	23.623957	5.2936735	1.1599187025092139e-119	0.149812734082397
13	6	JUNB	23.508852	3.3894517	1.4636180435087842e-118	0.0
13	7	MFGE8	23.091793	3.6357996	2.1209293964310003e-114	0.003745318352059925
13	8	GADD45B	22.992487	4.0347757	1.837237772340609e-113	0.0
13	9	SOD3	22.89971	3.9327307	1.378243273884063e-112	0.0
13	10	CALD1	22.613272	2.6058934	8.509166512396972e-110	0.056179775280898875
13	11	TINAGL1	22.010868	3.5097227	5.463327430681286e-104	0.0
13	12	ZFP36	21.976955	3.4374592	1.0574859629412866e-103	0.0149812734082397
13	13	NET1	21.944664	4.5366178	1.9866315919993021e-103	0.00749063670411985
13	14	BTG2	21.627312	3.2441044	1.883093566278728e-100	0.003745318352059925
13	15	FRZB	21.432194	4.233402	1.1836961734435075e-98	0.0
13	16	CDKN1A	21.132898	3.5877907	6.571252122652383e-96	0.0
13	17	DSTN	20.985231	2.7756555	1.3959705685567527e-94	0.00749063670411985
13	18	LBH	20.860682	3.6558747	1.796317604424957e-93	0.11610486891385768
13	19	RERGL	20.791748	5.9079256	7.174889532966856e-93	0.003745318352059925
13	20	MT2A	20.499664	3.2159028	2.8745957170458216e-90	0.0
13	21	ATF3	20.287111	3.4529722	2.1106324175541142e-88	0.0
13	22	CYCS	20.213284	3.1820958	9.016944735527247e-88	0.03745318352059925
13	23	PPP1R15A	20.100262	2.7797892	8.463959077048692e-87	0.1198501872659176
13	24	CRIP1	20.082064	3.2529418	1.17021953729473e-86	0.7378277153558053
13	25	FOS	20.030024	2.9019716	3.198529340904404e-86	0.0
13	26	JUN	19.906837	2.7003527	3.621380853810815e-85	0.0749063670411985
13	27	MYH11	19.786802	5.0064473	3.799349540962273e-84	0.0
13	28	NDUFA4L2	19.50387	4.238682	9.307643790862963e-82	0.0
13	29	IGFBP7	19.433878	2.3570912	3.527510488862542e-81	0.0
13	30	CRISPLD2	19.397224	4.079755	6.968159528963832e-81	0.0
13	31	RPL21	19.255194	1.0315135	1.0582984344143501e-79	0.0
13	32	MYLK	19.239595	3.2720854	1.3866934453677733e-79	0.0
13	33	PLN	19.236654	5.733594	1.424466683853932e-79	0.003745318352059925
13	34	OAZ2	19.161509	2.6196973	5.879118342122875e-79	0.04119850187265917
13	35	PHLDA2	18.929548	4.482996	4.667471832926789e-77	0.29213483146067415
13	36	CALM2	18.894445	1.520296	8.843141518300622e-77	0.00749063670411985
13	37	SOCS3	18.60029	2.816671	2.17307658900664e-74	0.00749063670411985
13	38	S100A4	18.415417	3.0957468	6.552049409427325e-73	0.0
13	39	ISYNA1	18.294855	3.303041	5.882469796133882e-72	0.18352059925093633
13	40	COX4I2	18.121744	3.7733676	1.3555327192541578e-70	0.0
13	41	SH3BGRL	17.97581	2.0736532	1.8590937019351224e-69	0.003745318352059925
13	42	RPL7	17.82986	1.0965863	2.49802984318575e-68	0.0299625468164794
13	43	TPM1	17.766539	2.3671646	7.565412455498839e-68	0.026217228464419477
13	44	PPP1R12A	17.748693	2.4836404	1.0170505210433728e-67	0.1797752808988764
13	45	CSRP2	17.66809	2.6013005	4.16729246531008e-67	0.06741573033707865
13	46	NR4A1	17.645775	3.047832	6.05864076995117e-67	0.0
13	47	CPE	17.56622	2.5625298	2.419179092243973e-66	0.011235955056179775
13	48	PHLDA1	17.41832	3.116143	3.1777178379047582e-65	0.18352059925093633
13	49	NTRK2	17.251879	3.0984077	5.524258248155492e-64	0.4344569288389513
13	50	LHFP	17.154032	2.3913121	2.8798657443076387e-63	0.1760299625468165
14	1	GPX3	24.071253	4.6209674	1.326402795977803e-123	0.007518796992481203
14	2	ADH1B	23.73521	6.204321	1.8539960630347297e-120	0.0
14	3	APOE	23.722813	4.710751	1.8539960630347297e-120	0.0
14	4	SERPING1	23.205482	3.4687438	2.657515414197e-115	0.13533834586466165
14	5	CEBPD	22.87221	3.6722453	4.660654675401186e-112	0.05639097744360902
14	6	SERPINF1	22.790918	3.8964014	2.4938040473808863e-111	0.0
14	7	MT2A	21.76194	3.769788	2.017333211010266e-101	0.0
14	8	C1S	21.571993	3.6565247	1.0913203635617872e-99	0.0
14	9	FKBP5	21.537792	3.903668	2.030640781868845e-99	0.0
14	10	CD81	21.26956	2.8683796	5.763174348097322e-97	0.007518796992481203
14	11	IGKC	21.196045	3.8038435	2.5041252080054998e-96	0.0
14	12	TXNIP	21.184036	2.773661	2.962274421963892e-96	0.022556390977443608
14	13	FTL	20.919739	1.6031799	7.222552858506944e-94	0.0
14	14	C1R	20.794432	3.4254594	9.207798855919353e-93	0.0
14	15	IGFBP5	20.343014	3.7112074	9.465259638239128e-89	0.0
14	16	MGP	20.14939	3.4588423	4.515846604452099e-87	0.0
14	17	PRELP	20.09306	4.526131	1.3239562767513059e-86	0.045112781954887216
14	18	TSC22D3	19.695652	2.9610872	3.2794519226984893e-83	0.13157894736842105
14	19	CST3	19.400784	2.2441092	1.007797821916947e-80	0.0037593984962406013
14	20	FMO2	18.7509	3.776265	2.4037585477214297e-75	0.0
14	21	NDRG2	18.670893	2.9549706	1.0296130454642119e-74	0.0
14	22	NNMT	18.552586	3.2590728	8.961717362362227e-74	0.007518796992481203
14	23	MT1X	18.518469	3.899047	1.6193481312042737e-73	0.2744360902255639
14	24	FTH1	18.480827	1.1903063	3.125403441032455e-73	0.3458646616541353
14	25	DCN	18.452026	3.7902124	5.123123276575071e-73	0.0
14	26	SELM	18.210426	2.215532	4.1903466647775064e-71	0.03759398496240601
14	27	ZBTB16	17.774164	3.4791608	1.061328302266479e-67	0.0
14	28	C11orf96	17.755604	3.7723346	1.4264705677212594e-67	0.03383458646616541
14	29	GLUL	17.33802	2.5137732	2.1477832579745784e-64	0.0
14	30	C7	17.334768	3.4827278	2.1994806570299273e-64	0.0037593984962406013
14	31	TIMP3	17.243412	2.6553109	1.0393491563154245e-63	0.0
14	32	SPARCL1	17.161083	2.2635744	4.1737471914894026e-63	0.0037593984962406013
14	33	S100A6	17.031132	1.962935	3.555244443046524e-62	0.015037593984962405
14	34	USP53	17.026407	3.93179	3.7500658870484095e-62	0.06766917293233082
14	35	IGFBP7	16.987516	2.1598437	7.090630668251908e-62	0.3609022556390977
14	36	CFD	16.94178	3.9820604	1.5050108682982588e-61	0.06390977443609022
14	37	MT-ND3	16.901264	1.4709215	2.8484140210521033e-61	0.007518796992481203
14	38	RARRES2	16.706343	2.7792847	7.441005360602567e-60	0.0
14	39	GGT5	16.700298	3.6261315	8.04311534532465e-60	0.20676691729323307
14	40	SOD2	16.692284	2.831653	8.989902550123405e-60	0.0
14	41	APOC1	16.63178	3.9297674	2.4175512617326183e-59	0.007518796992481203
14	42	APOD	16.610144	3.648418	3.3929329529390398e-59	0.041353383458646614
14	43	GSN	16.539448	2.2446663	1.0764049519830239e-58	0.05639097744360902
14	44	PTGDS	16.432016	3.639551	6.234564659176178e-58	0.20676691729323307
14	45	CALD1	16.392397	1.836484	1.1729953426190039e-57	0.05639097744360902
14	46	PDK4	16.314499	2.826737	4.0478128693481384e-57	0.0
14	47	CEBPB	16.171715	2.907356	3.99529061311021e-56	0.07518796992481203
14	48	EIF1	15.973211	1.0573666	9.645876013934698e-55	0.5902255639097744
14	49	MT-CYB	15.867325	1.1976159	5.1445401115845095e-54	0.518796992481203
14	50	SEPP1	15.7680025	2.2322323	2.446378772803503e-53	0.22932330827067668
15	1	PTPRC	24.85799	6.5756807	5.6208655027906445e-132	0.0
15	2	EVL	22.892897	4.7242517	4.834207410028221e-112	0.0
15	3	CD3E	20.93679	6.2336435	1.094352867187588e-93	0.0
15	4	TRBC2	20.891075	6.0888953	2.4455091464819375e-93	0.112
15	5	CORO1A	20.265018	6.050924	6.944616322832586e-88	0.024
15	6	TRAC	19.88461	5.8277936	1.333525693270842e-84	0.0
15	7	LIMD2	19.695557	4.6271167	5.20214167067047e-83	0.008
15	8	MALAT1	19.278858	1.291907	1.4292718883870756e-79	0.0
15	9	SEPT6	19.159922	3.9843776	1.3259083437494888e-78	0.0
15	10	CD3D	19.123316	5.5505056	2.379531455992678e-78	0.02
15	11	CD3G	19.085642	5.3640237	4.639206536310072e-78	0.0
15	12	SATB1	18.886972	5.2460265	1.84357301987517e-76	0.012
15	13	CD2	18.646912	6.0211587	1.6127458525092312e-74	0.008
15	14	IKZF1	18.326874	5.973593	5.581425812308741e-72	0.0
15	15	LEF1	18.117298	5.443624	2.3740136310835612e-70	0.0
15	16	CLEC2D	17.810246	5.3510313	5.574064726826331e-68	0.0
15	17	TCF7	17.280281	3.9443154	5.165560534846245e-64	0.0
15	18	ARHGDIB	17.166698	3.1789467	3.572468862605054e-63	0.152
15	19	FYB	16.7055	5.1811957	8.127453788160625e-60	0.012
15	20	RAC2	16.681162	5.458907	1.1913518948328573e-59	0.0
15	21	LAT	16.492815	5.297235	2.6729649863679233e-58	0.0
15	22	CD37	16.459488	5.6164885	4.5275765917644855e-58	0.012
15	23	LCK	16.338085	5.2000594	3.261793433344809e-57	0.02
15	24	TRAF3IP3	16.208012	5.572635	2.6680346402620185e-56	0.364
15	25	STK17B	16.188858	4.6586466	3.5618826444260563e-56	0.0
15	26	LAPTM5	16.047987	5.0900393	3.262399691477452e-55	0.012
15	27	CD52	15.88619	4.7832866	4.1893445993304553e-54	0.0
15	28	PABPC1	15.656502	1.5897614	1.4730882461930443e-52	0.02
15	29	BCL11B	15.153244	5.292798	2.8545619499546568e-49	0.0
15	30	SARAF	14.532105	2.0510023	2.6124800950633415e-45	0.0
15	31	RGS10	14.461773	3.3618467	7.004061339636022e-45	0.0
15	32	LCP2	14.451122	5.327939	8.075034660535186e-45	0.008
15	33	GPSM3	13.973709	4.4169044	6.502201870017495e-42	0.02
15	34	GMFG	13.847376	2.3269083	3.6449969807826704e-41	0.048
15	35	CAMK4	13.846489	4.9087896	3.6522109999186353e-41	0.136
15	36	C1orf228	13.743571	6.112368	1.4615191311360052e-40	0.056
15	37	TOX2	13.631228	5.129041	6.595810041551587e-40	0.0
15	38	TRBC1	13.507191	4.7572284	3.548465709062328e-39	0.0
15	39	STK4	13.46852	3.531786	5.830013785919557e-39	0.14
15	40	LCP1	13.426522	4.9975014	1.0101596490163957e-38	0.0
15	41	CHI3L2	13.374177	4.5992208	1.9912289964283364e-38	0.004
15	42	ACAP1	13.32471	4.178923	3.801454103784403e-38	0.092
15	43	ANKRD44	12.946681	4.2948976	5.377082821615013e-36	0.028
15	44	TBC1D10C	12.916549	5.4826856	7.892198353234522e-36	0.12
15	45	LTB	12.8939705	3.7828019	1.0409465637928656e-35	0.016
15	46	ITGB2	12.8434105	5.547601	1.9712267514022592e-35	0.0
15	47	CD7	12.78107	5.0352135	4.300196820033995e-35	0.012
15	48	IL2RG	12.6483965	3.782023	2.2767632772204995e-34	0.008
15	49	DGKA	12.46226	4.4009233	2.288025683105309e-33	0.272
15	50	HNRNPH1	12.293297	1.7696985	1.7515420048063216e-32	0.204
16	1	IGFBP5	23.932043	5.971019	3.7694378428742937e-122	0.0
16	2	SAA1	23.817503	6.6854367	2.9171480572358937e-121	0.0
16	3	TPT1	23.527311	1.8643005	1.8948701793395404e-118	0.0
16	4	RPLP1	23.48605	1.7384027	3.7552561447989635e-118	0.11574074074074074
16	5	CTSV	22.960058	5.1162677	6.20119852561208e-113	0.05092592592592592
16	6	RPL30	22.28999	1.4447997	2.0424471980850935e-106	0.0
16	7	KRT19	21.568226	4.6662564	1.1838713333795468e-99	0.0
16	8	KRT5	21.138767	4.2970595	1.0316321730733405e-95	0.0
16	9	GSTO1	20.91258	3.1982937	1.0909374852901977e-93	0.0
16	10	IGKC	20.103077	3.7537546	1.672152680278503e-86	0.009259259259259259
16	11	CEBPD	20.037922	3.3902452	5.685950734330215e-86	0.0
16	12	NACA	19.955256	1.3418777	2.752645567497446e-85	0.004629629629629629
16	13	RPL18	19.52697	1.2001501	1.2269448168600905e-81	0.004629629629629629
16	14	MT1X	19.346193	4.511862	3.880189563346803e-80	0.0
16	15	KRT14	19.238525	5.0497737	2.7457220289247794e-79	0.0
16	16	RPL13	19.238068	0.9982969	2.7457220289247794e-79	0.0
16	17	RPS3A	19.235603	1.1550552	2.7457220289247794e-79	0.0
16	18	RPS9	19.179382	1.0813478	7.680949991308821e-79	0.1712962962962963
16	19	MT-CYB	19.162052	1.7833728	1.0181890565838943e-78	0.009259259259259259
16	20	LMO3	18.854097	4.954169	3.4342444069312276e-76	0.004629629629629629
16	21	NNMT	18.745804	3.4987772	2.5252507079032274e-75	0.0
16	22	MT-ND3	18.732084	1.9092641	3.1258370454362766e-75	0.009259259259259259
16	23	RPS24	18.7087	1.1342506	4.646527777659795e-75	0.125
16	24	KRT15	18.472773	5.105073	3.628502759529497e-73	0.375
16	25	CIRBP	18.40612	1.805703	1.1524849259623065e-72	0.0
16	26	RPL7A	18.219135	1.1120564	3.44627394781187e-71	0.07407407407407407
16	27	RPL8	18.004816	0.9775682	1.6331798169439086e-69	0.0
16	28	NUPR1	17.913267	2.6558554	8.213894626885597e-69	0.037037037037037035
16	29	MT-ATP6	17.796783	1.9733697	6.402936636269313e-68	0.0
16	30	PERP	17.676113	3.1228168	5.3091997138721296e-67	0.027777777777777776
16	31	MT-ND5	17.607021	1.7267737	1.7486950706666796e-66	0.0
16	32	CSTA	17.580795	3.3670738	2.696386149825709e-66	0.009259259259259259
16	33	RPL5	17.436886	1.1358076	3.281145597364954e-65	0.08333333333333333
16	34	DST	17.299433	2.8868651	3.4049254774317246e-64	0.05092592592592592
16	35	CLU	17.29539	3.104191	3.556284598951648e-64	0.3287037037037037
16	36	MAOA	17.140226	4.666053	4.809916589946379e-63	0.0787037037037037
16	37	MT-CO3	16.923038	1.2718583	1.92156381791118e-61	0.013888888888888888
16	38	TXNIP	16.908966	2.2919726	2.3832552070891394e-61	0.0
16	39	RPL24	16.860975	1.0096006	5.25214178330908e-61	0.18981481481481483
16	40	DPYS	16.705446	6.5250573	7.050209260890265e-60	0.0
16	41	RPL9	16.609137	0.96769875	3.450373913591925e-59	0.0
16	42	RPL11	16.601625	0.87630546	3.827303349879729e-59	0.032407407407407406
16	43	TOMM7	16.593775	1.3869612	4.271144004811558e-59	0.041666666666666664
16	44	RPL14	16.515371	1.0908881	1.539282922410024e-58	0.26851851851851855
16	45	RPS4X	16.511667	0.9580097	1.6039954162319514e-58	0.08796296296296297
16	46	MT-ND1	16.43848	1.3464981	5.274414414902536e-58	0.004629629629629629
16	47	RPS27A	16.392288	0.8139903	1.1072890976485406e-57	0.0787037037037037
16	48	RPL37	16.200008	0.977884	2.522882543340063e-56	0.037037037037037035
16	49	RPL36	15.871881	0.93401176	4.87297777133426e-54	0.4675925925925926
16	50	SNHG8	15.777919	1.9170045	2.106906946839026e-53	0.24537037037037038
17	1	HES6	19.771265	6.9029417	1.3960149884509116e-82	0.0
17	2	SPINT2	16.8907	3.2306006	6.838335920408858e-60	0.0
17	3	KIF19	16.868011	7.092949	6.838335920408858e-60	0.0
17	4	CD24	16.69671	4.361944	9.181980343106533e-59	0.18571428571428572
17	5	BEX1	16.35657	6.739896	2.0713155769228328e-56	0.11428571428571428
17	6	EPCAM	16.073439	4.595787	1.731481579821973e-54	0.0
17	7	SOX4	15.529431	2.4883804	7.270357164944506e-51	0.004761904761904762
17	8	TUBB2B	15.419955	5.5350633	3.5415325849579423e-50	0.0
17	9	TUBA1A	15.334106	2.198771	1.1999118330622372e-49	0.0
17	10	SIX1	14.751319	3.7740693	7.27391323344656e-46	0.08095238095238096
17	11	COX7A2	14.301106	1.3727392	4.7594172308237274e-43	0.0
17	12	BEX2	14.044314	3.7156615	1.702842382773021e-41	0.02857142857142857
17	13	SKP1	13.828694	1.4581366	3.24108997902415e-40	0.01904761904761905
17	14	ATP6V1G1	13.700813	1.5896103	1.6640127409962902e-39	0.0
17	15	PRDX2	13.681748	1.6323966	2.036066305354814e-39	0.0
17	16	CLDN3	13.531113	4.3006334	1.5095879730392365e-38	0.004761904761904762
17	17	TAGLN3	13.465652	7.630954	3.477040779929959e-38	0.04285714285714286
17	18	MYO6	13.400099	3.390134	8.006751783117245e-38	0.28095238095238095
17	19	ATP1B1	13.1415615	3.3118258	2.2935030054572133e-36	0.014285714285714285
17	20	IFI6	13.114562	2.0639389	3.1333520022489245e-36	0.004761904761904762
17	21	STMN1	13.041923	2.0784333	7.807153646579724e-36	0.0
17	22	C21orf59	12.800705	3.3899124	1.7234740928292745e-34	0.004761904761904762
17	23	FAM213A	12.762032	2.5998228	2.724846219126727e-34	0.1523809523809524
17	24	PCBP4	12.6616125	3.9404244	9.478109781482565e-34	0.7666666666666667
17	25	NNAT	12.543212	4.3407135	4.1018783783355834e-33	0.0
17	26	CLDN4	12.467015	3.5378451	1.033174329228705e-32	0.12857142857142856
17	27	H3F3A	12.347636	0.9133211	4.43447175932236e-32	0.004761904761904762
17	28	CIB2	12.329179	4.5919914	5.396939735337877e-32	0.0380952380952381
17	29	OCIAD2	12.3232155	2.301221	5.629733264148801e-32	0.0
17	30	CKB	12.214665	2.9067469	2.0859763111116074e-31	0.1
17	31	KIF1A	12.212113	6.6181383	2.0891479410582787e-31	0.004761904761904762
17	32	MEIS2	12.094784	2.407108	8.290286677056729e-31	0.04285714285714286
17	33	SNRPN	12.076631	2.0863445	1.0059975715245301e-30	0.0761904761904762
17	34	UQCRQ	11.989275	1.5220404	2.822502762001497e-30	0.11904761904761904
17	35	UCHL1	11.983722	4.590267	2.940760052192594e-30	0.30952380952380953
17	36	MARCKSL1	11.92314	1.6551837	5.79977587989458e-30	0.05238095238095238
17	37	GNG8	11.721535	7.1135397	6.242587351082245e-29	0.004761904761904762
17	38	SEC11C	11.664192	2.773267	1.1979519513127489e-28	0.0
17	39	TUBB4B	11.612469	1.7336537	2.1468006062104817e-28	0.23809523809523808
17	40	TSTD1	11.597317	2.392338	2.50585801383563e-28	0.0
17	41	MIF	11.5054655	1.4486357	7.138476846166615e-28	0.023809523809523808
17	42	ATP6V0B	11.379793	1.805418	2.975026872123648e-27	0.2571428571428571
17	43	NGFRAP1	11.30546	1.4522363	6.812649613156431e-27	0.07142857142857142
17	44	KRT8	11.2929	2.2528594	7.6997019407499e-27	0.2571428571428571
17	45	CALM2	11.264036	1.1625412	1.0475403668690519e-26	0.17142857142857143
17	46	FAM60A	11.097985	2.7164023	6.671804041836919e-26	0.01904761904761905
17	47	EZR	10.9944725	2.3231475	2.072047692447103e-25	0.08571428571428572
17	48	PEBP1	10.893062	1.3607414	6.224053128943488e-25	0.047619047619047616
17	49	CDH2	10.872806	5.0940485	7.629341111309088e-25	0.6761904761904762
17	50	MSI2	10.87073	2.8088841	7.663033428360837e-25	0.2619047619047619
18	1	KRT17	21.32731	5.14245	1.6799443762332515e-96	0.0
18	2	KRT19	21.25794	4.9798627	3.691131273008797e-96	0.0
18	3	KRT15	20.826832	5.9801855	2.1859928869188524e-92	0.0
18	4	CLU	20.20895	4.3190594	5.414547053124522e-87	0.14646464646464646
18	5	KRT5	19.915112	4.280324	1.5963770284212064e-84	0.13131313131313133
18	6	KRT14	18.93247	5.803077	2.7228910358485767e-76	0.0
18	7	CCL19	18.891037	5.4294276	5.12084497149753e-76	0.010101010101010102
18	8	S100A14	17.555285	3.5687497	1.7965686715571644e-65	0.0
18	9	SPINT2	17.544697	3.3132274	1.9241575777632735e-65	0.0
18	10	CTSV	17.220842	3.718806	4.913396234309788e-63	0.030303030303030304
18	11	PERP	17.176674	3.1554642	9.572232056539664e-63	0.0
18	12	TSC22D1	16.883734	2.4966464	1.3099616134312545e-60	0.015151515151515152
18	13	SAT1	16.219885	2.4219944	6.911760569420984e-56	0.025252525252525252
18	14	DST	16.097828	2.849849	4.6714083583017894e-55	0.0
18	15	RPLP1	15.694955	0.98333377	2.714319153217723e-52	0.0
18	16	SOCS3	15.659916	2.8832428	4.434675243182986e-52	0.0
18	17	NPM1	15.2579	1.4431329	2.1491187694197518e-49	0.005050505050505051
18	18	S100A11	14.428913	1.704481	4.751341647550438e-44	0.21212121212121213
18	19	CD9	14.041851	2.1117804	1.1459940249808336e-41	0.025252525252525252
18	20	SYNPO2	14.004009	3.1402094	1.8604353986381495e-41	0.020202020202020204
18	21	CALML3	13.833605	2.8141081	1.9264098976426956e-40	0.010101010101010102
18	22	SAA1	13.651511	3.4996214	2.1849819423552874e-39	0.015151515151515152
18	23	BST2	13.508606	1.7883072	1.4758930077434412e-38	0.1111111111111111
18	24	DSP	13.404442	2.6052308	5.808890555330875e-38	0.6060606060606061
18	25	NFKBIA	13.3242	1.9686669	1.644424521955069e-37	0.0
18	26	GSTO1	13.28595	2.1048896	2.6453115971693854e-37	0.16666666666666666
18	27	HSPB1	13.213871	1.4878926	6.673245455390893e-37	0.0
18	28	CSTA	12.820931	2.7250483	1.1066566990041402e-34	0.015151515151515152
18	29	VAMP8	12.788042	2.242508	1.6359411716279385e-34	0.0
18	30	TSTD1	12.643614	2.5474746	9.751756680595511e-34	0.045454545454545456
18	31	KRT8	12.640444	2.467003	9.854458090019312e-34	0.005050505050505051
18	32	SFN	12.583469	2.7310226	1.9726291514426513e-33	0.015151515151515152
18	33	RPL7	12.433408	0.92771584	1.268074737264825e-32	0.13636363636363635
18	34	PAX9	12.429679	3.5164545	1.2927179396563724e-32	0.13131313131313133
18	35	CH25H	12.400369	3.0842412	1.815384405229595e-32	0.35353535353535354
18	36	JUNB	12.266065	2.1096141	9.369694431889413e-32	0.03535353535353535
18	37	JUN	12.234128	1.957301	1.3544232447482756e-31	0.03535353535353535
18	38	FBXO2	12.186149	3.5941298	2.3830907921983566e-31	0.0
18	39	CYP1B1	12.136944	2.5258021	4.15022393755918e-31	0.26262626262626265
18	40	H3F3B	12.08393	1.0419055	7.568883277456167e-31	0.0
18	41	HCAR2	12.047135	5.602402	1.1576976392951329e-30	0.005050505050505051
18	42	ARID5B	11.970091	1.8316467	2.876167109900348e-30	0.0707070707070707
18	43	FOS	11.943039	2.0016189	3.9003999373115225e-30	0.015151515151515152
18	44	LGALS3BP	11.931283	1.9256438	4.4007439581920524e-30	0.2828282828282828
18	45	KRT18	11.868757	2.5895576	8.983594375632595e-30	0.08585858585858586
18	46	TGFBI	11.868389	2.6121602	8.983594375632595e-30	0.0
18	47	ANGPT2	11.786854	2.6679318	2.326962313747069e-29	0.04040404040404041
18	48	FN1	11.758796	2.0846548	3.1841705504084437e-29	0.03535353535353535
18	49	NUPR1	11.707346	1.8415905	5.740135206449709e-29	0.5252525252525253
18	50	EIF4A2	11.684173	1.3862258	7.404712752047575e-29	0.23737373737373738
19	1	AIF1	15.025636	5.1596856	2.2047244746261367e-47	0.005376344086021506
19	2	MZB1	13.477084	4.370547	3.328626742999108e-38	0.0
19	3	HMGA1	12.889899	3.5720813	6.18528405016566e-35	0.0
19	4	SEPT6	12.294787	2.916309	8.834895259100672e-32	0.10752688172043011
19	5	IGLL1	12.191288	8.079815	2.8667467671003045e-31	0.06989247311827956
19	6	RP11-620J15.3	12.023952	3.579174	2.074354834178848e-30	0.0
19	7	KIAA0101	11.816966	3.6595876	2.417087315162346e-29	0.016129032258064516
19	8	CD3D	11.304393	3.6262062	7.51374420032727e-27	0.0
19	9	H2AFY	11.292565	2.0395572	8.233094565033239e-27	0.0
19	10	CORO1A	10.941408	3.678135	3.3990515785865213e-25	0.04838709677419355
19	11	ARHGDIB	10.88763	2.1705961	6.03697998875969e-25	0.0
19	12	ADA	10.799466	3.5237432	1.5561906628238434e-24	0.03225806451612903
19	13	STMN1	10.572067	1.9688346	1.6134797596303413e-23	0.005376344086021506
19	14	CD7	10.520998	4.5280747	2.736606290274194e-23	0.005376344086021506
19	15	HMGN2	10.342985	1.5928435	1.592226730764106e-22	0.0
19	16	RNASEH2B	9.723404	2.7225873	6.833406963618359e-20	0.005376344086021506
19	17	SMIM24	9.684934	5.856825	9.645866682546243e-20	0.0
19	18	CD3G	9.683951	3.2615333	9.645866682546243e-20	0.22580645161290322
19	19	CDCA7	9.451853	3.3229353	8.82810754975642e-19	0.03225806451612903
19	20	PTP4A2	9.436588	1.901812	1.011212575827845e-18	0.0
19	21	SPN	9.403127	4.4709387	1.3506149315965372e-18	0.0
19	22	LST1	9.397262	4.7737722	1.4144333534293903e-18	0.03763440860215054
19	23	AC002454.1	9.394736	6.5676084	1.4351106760013584e-18	0.3010752688172043
19	24	CDK6	9.307147	2.9022067	3.1092785131202385e-18	0.3279569892473118
19	25	MT-CO2	9.263275	0.6845657	4.571944973980177e-18	0.0
19	26	PLAC8	9.203564	3.5923588	7.916494426132097e-18	0.08064516129032258
19	27	HNRNPH1	8.925418	1.5389563	9.271967531427326e-17	0.0
19	28	HELLS	8.88626	3.0265698	1.2992808781566897e-16	0.03225806451612903
19	29	TFDP2	8.879147	2.3542097	1.3639602205041664e-16	0.0
19	30	LSP1	8.769712	2.4818363	3.467401784820808e-16	0.0
19	31	H2AFV	8.753003	1.6563381	3.9924040443961356e-16	0.010752688172043012
19	32	SNHG25	8.677451	2.0860434	7.612505835338232e-16	0.005376344086021506
19	33	PTPRC	8.578539	2.8469162	1.733460620126575e-15	0.05913978494623656
19	34	TKT	8.563205	1.9572197	1.9538121167106564e-15	0.0967741935483871
19	35	RAC2	8.511812	3.2631023	3.027441717440861e-15	0.14516129032258066
19	36	NAP1L1	8.468979	0.96033084	4.290933047858689e-15	0.08064516129032258
19	37	LCP1	8.369184	3.717567	9.800412983542711e-15	0.0
19	38	UHRF1	8.315826	4.3724456	1.5197252001895074e-14	0.010752688172043012
19	39	IDH2	8.313498	1.9511235	1.540176748704078e-14	0.20430107526881722
19	40	CD37	8.309794	3.3348448	1.5791487853442043e-14	0.0
19	41	XIST	8.264435	1.6905824	2.2559372601850737e-14	0.016129032258064516
19	42	VAMP8	8.249689	2.0112245	2.5068800938523576e-14	0.10215053763440861
19	43	RAN	8.242899	1.083467	2.6376856346303764e-14	0.05913978494623656
19	44	APBB1IP	8.147509	3.3791342	5.6297972032702446e-14	0.1935483870967742
19	45	HMGN1	8.101434	1.0342609	8.13806752874968e-14	0.03225806451612903
19	46	IL2RG	8.010211	2.7208695	1.6871460994816435e-13	0.0
19	47	TYMS	7.9646974	2.9396641	2.3489189505974746e-13	0.016129032258064516
19	48	RBMX	7.9608107	1.1597071	2.410999575691852e-13	0.005376344086021506
19	49	CENPF	7.8401103	3.0194242	6.059891808758846e-13	0.41935483870967744
19	50	PRSS57	7.7379017	7.726522	1.3269321011484186e-12	0.1881720430107527
20	1	TUBA1B	21.179754	3.2578666	3.8930904507744746e-95	0.0
20	2	H2AFZ	21.126902	3.1844382	5.968680254169895e-95	0.0
20	3	TOP2A	20.407457	6.014573	1.269106626601612e-88	0.0
20	4	HMGB2	20.286926	4.0764594	1.1122583240221188e-87	0.10555555555555556
20	5	TUBB	19.943756	2.825034	9.007377737805702e-85	0.1388888888888889
20	6	STMN1	19.897505	3.3277805	1.89038874488491e-84	0.0
20	7	HMGB1	19.768877	1.9704288	2.090929968923768e-83	0.016666666666666666
20	8	NUSAP1	19.579386	5.7462835	7.68422014912205e-82	0.0
20	9	CENPF	19.314758	5.557767	1.1893388023166036e-79	0.0
20	10	HMGN2	19.14236	2.7002957	2.9722862148788956e-78	0.016666666666666666
20	11	MKI67	18.652155	5.655803	2.9241456950315742e-74	0.0
20	12	UBE2C	18.202398	6.1176915	1.0916757090016618e-70	0.016666666666666666
20	13	BIRC5	17.837742	5.576535	7.342943093042844e-68	0.016666666666666666
20	14	PTTG1	17.432724	4.6144705	8.822319516034194e-65	0.0
20	15	HIST1H4C	16.775013	3.8846378	6.573127294659216e-60	0.0
20	16	CKS1B	16.535933	3.377775	3.351814610291377e-58	0.0
20	17	LGALS1	16.096355	2.5777776	4.221008582712955e-55	0.005555555555555556
20	18	NUCKS1	16.076397	1.986884	5.5026620364336445e-55	0.15
20	19	H2AFV	16.04396	2.6694503	8.794110497124382e-55	0.011111111111111112
20	20	CKAP2	15.944474	4.129946	4.127148268937704e-54	0.0
20	21	GTSE1	15.786776	5.5374794	4.845554105649521e-53	0.0
20	22	SMC4	15.721635	3.3558338	1.2960280156655748e-52	0.011111111111111112
20	23	AURKB	15.421207	5.2742286	1.359205403087721e-50	0.17222222222222222
20	24	CKS2	15.348723	3.7517254	3.991508303495639e-50	0.4777777777777778
20	25	TYMS	15.140583	4.5278893	9.275082126269514e-49	0.0
20	26	PTMA	15.109132	1.1621916	1.4380446814345145e-48	0.24444444444444444
20	27	KIAA0101	15.0087185	4.2562337	6.323489249299062e-48	0.0
20	28	TUBB4B	14.487747	2.2877767	1.3716082715727826e-44	0.05
20	29	ARL6IP1	14.314238	2.732116	1.6306147188583509e-43	0.0
20	30	PRC1	14.10229	4.861489	3.2499701008775533e-42	0.0
20	31	CDK1	14.020525	4.7514086	9.987590763987393e-42	0.005555555555555556
20	32	PBK	13.9840975	6.0996275	1.6155068599203934e-41	0.016666666666666666
20	33	ACTB	13.906012	1.2540606	4.680205755176544e-41	0.016666666666666666
20	34	PTMS	13.816377	1.9457921	1.5836805567175437e-40	0.2777777777777778
20	35	DTYMK	13.799824	3.0248842	1.935779973144865e-40	0.4222222222222222
20	36	ASPM	13.553161	5.164407	5.590638491421553e-39	0.08333333333333333
20	37	CENPW	13.494335	3.8817396	1.2103977594049004e-38	0.016666666666666666
20	38	TPX2	13.342853	4.9731774	9.09869047696174e-38	0.0
20	39	TMSB4X	13.305071	1.5214609	1.4707523481438333e-37	0.18333333333333332
20	40	MZT2B	13.265779	1.5952942	2.4239601435234537e-37	0.0
20	41	TMSB10	13.008037	1.421991	7.12384593098674e-36	0.005555555555555556
20	42	HIST1H1D	12.679267	3.8553128	4.8651257318234085e-34	0.1
20	43	HN1	12.655186	2.7852004	6.458981583383587e-34	0.08333333333333333
20	44	COL4A2	12.623065	2.1025872	9.497033022301713e-34	0.20555555555555555
20	45	COL4A1	12.562885	2.2172685	1.9906903871991905e-33	0.11666666666666667
20	46	GNG11	12.367875	1.8620914	2.2484405569100198e-32	0.0
20	47	PFN1	12.331491	1.2960382	3.45898191590985e-32	0.03888888888888889
20	48	CFL1	12.248358	1.2229557	9.47166201113957e-32	0.05
20	49	SMC2	12.176672	3.0824575	2.239715840863098e-31	0.6444444444444445
20	50	TUBB6	12.171768	2.6572158	2.3308942341673675e-31	0.21666666666666667
21	1	MALAT1	17.5971	2.0481763	6.875782192626338e-65	0.0
21	2	MDM4	17.227339	5.211568	2.1957908791999785e-62	0.0
21	3	MZB1	17.200283	6.9488235	2.335849781345668e-62	0.0
21	4	SEPT6	17.005651	5.397164	2.8252110722125068e-61	0.11290322580645161
21	5	CD1E	16.071344	8.035916	7.163889262366251e-55	0.04838709677419355
21	6	SATB1	15.847739	5.9450502	2.273391214880237e-53	0.0
21	7	PTPRC	15.836745	5.9344597	2.55733782659858e-53	0.0
21	8	CD3G	15.472756	6.252196	6.109830283044854e-51	0.0
21	9	TCF7	15.316311	5.3860626	5.441177571920361e-50	0.0
21	10	PTP4A2	15.194987	4.0952954	3.2657228811884643e-49	0.03225806451612903
21	11	ARPP21	15.147844	6.694324	6.106830602793286e-49	0.0
21	12	RP11-356I2.4	14.43259	6.1863647	1.821042235444344e-44	0.024193548387096774
21	13	TRBC2	14.414198	6.499708	2.327705164764817e-44	0.04032258064516129
21	14	CD8B	14.371867	6.7065835	4.205713117043208e-44	0.008064516129032258
21	15	CD1B	14.365446	7.5198655	4.521991605239746e-44	0.0
21	16	XIST	14.2565365	3.3955164	2.1227212494723577e-43	0.0
21	17	PNISR	14.033239	2.4945378	4.621608458197138e-42	0.0
21	18	TFDP2	13.924039	4.506536	1.9676483059420214e-41	0.06451612903225806
21	19	CD3E	13.872153	6.08725	3.932947913596858e-41	0.0
21	20	CD8A	13.866056	7.345028	4.214893668522958e-41	0.0
21	21	ELOVL4	13.7142515	7.19781	3.253470041499633e-40	0.0
21	22	MTRNR2L12	13.59238	3.8370445	1.683607610376234e-39	0.008064516129032258
21	23	CD3D	13.4881115	5.7105	6.675296768789167e-39	0.04838709677419355
21	24	LCK	13.447545	5.854735	1.1405959210658806e-38	0.16129032258064516
21	25	CD52	13.264163	6.1910405	1.2701318951377885e-37	0.0
21	26	APBB1IP	13.239813	6.254237	1.734796855508291e-37	0.016129032258064516
21	27	BCL11B	13.203201	5.817107	2.752977800258654e-37	0.0
21	28	LEF1	12.947488	5.4546914	7.400283635550504e-36	0.008064516129032258
21	29	LTB	12.875635	5.539489	1.8393900904263599e-35	0.0
21	30	MT-ATP6	12.855069	1.8957894	2.3475671886779245e-35	0.0
21	31	RAG1	12.561666	6.8624125	8.91891483239718e-34	0.0
21	32	SCAI	12.526955	5.047449	1.3557069309804407e-33	0.0
21	33	CD38	12.262748	6.6482935	3.591415098089538e-32	0.0
21	34	AQP3	12.20742	4.8236837	6.77920388783301e-32	0.0
21	35	SH2D1A	12.19992	6.2158384	7.367137895942109e-32	0.06451612903225806
21	36	EVL	12.018644	3.8733647	6.427952247311492e-31	0.03225806451612903
21	37	DDX17	12.011606	2.3460476	6.939887598800102e-31	0.0
21	38	NFATC3	12.004996	4.263822	7.454093213251835e-31	0.0
21	39	DGKA	11.568007	5.19703	1.1586852396638936e-28	0.13709677419354838
21	40	CHD1	11.5400095	3.5120945	1.58196615903434e-28	0.008064516129032258
21	41	TRBC1	11.528673	5.968459	1.7790969204604916e-28	0.008064516129032258
21	42	MT-CO2	11.493604	1.2032602	2.6345700842424896e-28	0.0967741935483871
21	43	PDE7A	11.333168	4.703215	1.5999827554727682e-27	0.0
21	44	CD2	11.190541	5.3935294	7.915066506827935e-27	0.08064516129032258
21	45	IKZF1	11.15578	5.223899	1.1480919410469365e-26	0.008064516129032258
21	46	DNTT	10.884552	7.932284	2.2084183765978733e-25	0.0
21	47	CD247	10.87563	5.649498	2.391747159400773e-25	0.024193548387096774
21	48	CHI3L2	10.829189	4.9096622	3.9056333080323845e-25	0.008064516129032258
21	49	TRAF3IP3	10.713105	5.163082	1.3701594512363776e-24	0.16129032258064516
21	50	TRAC	10.657743	4.5583754	2.445371345691045e-24	0.1693548387096774
22	1	TTN	16.280958	8.927053	3.573335818354967e-55	0.010869565217391304
22	2	NEB	16.150476	9.621155	1.494233285077083e-54	0.0
22	3	EMC10	15.975423	5.9028397	1.6757586352303107e-53	0.0
22	4	NNAT	15.590188	7.433929	5.627761823924542e-51	0.22826086956521738
22	5	TNNI1	15.396043	9.10638	9.228788931746995e-50	0.16304347826086957
22	6	CKM	15.238929	9.599551	6.6771863532895164e-49	0.0
22	7	CTD-2545M3.8	15.238551	9.943774	6.6771863532895164e-49	0.0
22	8	KLHL41	15.236825	9.498047	6.6771863532895164e-49	0.0
22	9	MYL5	14.883224	7.8092375	1.2481717565183313e-46	0.0
22	10	MYL4	14.7171	7.496619	1.3277949914667762e-45	0.11956521739130435
22	11	MYOG	14.695587	9.489925	1.6586837174524863e-45	0.0
22	12	TNNT1	14.638949	8.835249	3.502811449166269e-45	0.021739130434782608
22	13	TPM2	14.536648	4.5004845	1.4480900411023866e-44	0.0
22	14	TNNT2	14.496858	9.049797	2.402400302873482e-44	0.010869565217391304
22	15	PDLIM3	14.444189	5.7458744	4.822201255208403e-44	0.0
22	16	ACTC1	14.417398	8.741313	6.666841526527716e-44	0.0
22	17	MEG3	13.9797125	4.0327706	3.234241697924327e-41	0.03260869565217391
22	18	TNNT3	13.90446	6.440274	8.768464934494999e-41	0.34782608695652173
22	19	DES	13.707437	8.152464	1.2790747298413212e-39	0.0
22	20	BLCAP	13.642543	4.083574	2.965247486324994e-39	0.0
22	21	PPP1R14B	13.638455	3.733787	2.9868839793890385e-39	0.0
22	22	COX6A2	13.60581	9.2177105	4.4583587719816417e-39	0.021739130434782608
22	23	STAC3	13.591244	8.497302	5.2042198881817196e-39	0.17391304347826086
22	24	ACTA1	13.376102	8.753403	9.21661537068497e-38	0.8260869565217391
22	25	HES6	13.188744	5.0956416	1.080623042941748e-36	0.0
22	26	RPL37A	13.052983	1.2893056	6.232928963914346e-36	0.18478260869565216
22	27	MYLPF	12.779814	7.8455005	2.087978146461334e-34	0.05434782608695652
22	28	MYH3	12.679318	9.272485	7.292880085978001e-34	0.03260869565217391
22	29	PKM	12.671479	2.6028845	7.781729695671308e-34	0.0
22	30	GAPDH	12.6406	1.6333348	1.1146152303714998e-33	0.06521739130434782
22	31	ARPP21	12.512421	4.56368	5.462153703744551e-33	0.010869565217391304
22	32	HSPB1	12.502736	1.9947553	5.9774143377868164e-33	0.010869565217391304
22	33	TNNC2	12.495174	7.243589	6.374582411315182e-33	0.10869565217391304
22	34	RBP1	12.285094	3.641331	8.49564776615999e-32	0.043478260869565216
22	35	SMPX	11.983745	8.784592	3.2759226581274114e-30	0.3804347826086957
22	36	FITM1	11.964614	8.084795	3.9027475502478345e-30	0.10869565217391304
22	37	RASSF4	11.941018	4.67688	5.048027099365026e-30	0.0
22	38	PEG10	11.923356	3.49229	6.081375055952973e-30	0.0
22	39	TNNI2	11.912699	8.110794	6.738273605081883e-30	0.2608695652173913
22	40	KRT8	11.706825	3.364031	7.606766941443131e-29	0.0
22	41	UQCRQ	11.52687	1.8736619	6.099134511323655e-28	0.021739130434782608
22	42	TPM1	11.4445915	2.9812162	1.5435947765406398e-27	0.10869565217391304
22	43	SLN	11.2205	8.691141	1.9147019507583303e-26	0.05434782608695652
22	44	RPS21	11.220102	1.328699	1.9147019507583303e-26	0.20652173913043478
22	45	DMPK	11.203036	4.4647865	2.2714721618249015e-26	0.05434782608695652
22	46	HN1	11.115023	3.172301	5.982452945428707e-26	0.0
22	47	CKB	11.036198	3.7878942	1.4123186875858914e-25	0.03260869565217391
22	48	PDE4DIP	10.873189	4.54458	8.205119643063922e-25	0.043478260869565216
22	49	TSTD1	10.833181	2.9567964	1.2463378875025016e-24	0.8152173913043478
22	50	RPS5	10.786109	1.1813953	2.0419685725815644e-24	0.29347826086956524
23	1	S100A10	6.905664	2.647455	1.325183351368499e-07	0.0
23	2	TFPI2	6.321479	6.8625975	3.4352914489847684e-06	0.0
23	3	RARRES2	6.084993	3.5321956	1.0298282258243874e-05	0.0
23	4	MSLN	5.733091	8.620661	4.358858947439052e-05	0.038461538461538464
23	5	UPK3B	5.706013	7.449275	4.3816035220736296e-05	0.11538461538461539
23	6	TIMP1	5.607186	2.3286335	6.817060255051036e-05	0.0
23	7	SPARC	5.3198915	1.8718096	0.0002753548896566596	0.038461538461538464
23	8	RARRES1	5.20879	5.6304626	0.00045236312071606904	0.0
23	9	HCFC1R1	5.195028	2.6064875	0.00045236312071606904	0.0
23	10	CCDC80	5.130346	3.6729445	0.0005478473518739439	0.038461538461538464
23	11	PLLP	5.1079917	4.7235007	0.0005756630473968703	0.0
23	12	MIF	5.051046	1.6363956	0.0007283011197526704	0.0
23	13	C3	4.9912734	4.107623	0.0008500615888405795	0.0
23	14	CRYAB	4.988335	3.1285818	0.0008500615888405795	0.0
23	15	HTRA1	4.941283	2.949173	0.0010291083568713052	0.0
23	16	KLK11	4.8425307	4.979316	0.0016189301968075453	0.0
23	17	CST6	4.783316	4.9760737	0.0020785235725181224	0.038461538461538464
23	18	PRG4	4.7245107	8.77397	0.002550656865212776	0.19230769230769232
23	19	ITLN1	4.720122	9.106695	0.002550656865212776	0.0
23	20	COL3A1	4.716068	2.1759098	0.002550656865212776	0.0
23	21	RPS12	4.692895	0.8325818	0.0027174228906739575	0.0
23	22	RPS29	4.67002	0.95850503	0.0027541487746251523	0.0
23	23	IGFBP5	4.5338492	2.5512257	0.004954823391447892	0.0
23	24	KRT18	4.466824	3.3005521	0.006579400860624975	0.19230769230769232
23	25	SLPI	4.4461436	3.2422094	0.00702583907546495	0.0
23	26	TSPAN3	4.439374	2.1713548	0.007037234357029583	0.2692307692307692
23	27	C19orf33	4.423194	3.5964837	0.007286734431735241	0.0
23	28	EZR	4.4180613	2.6308246	0.007286734431735241	0.0
23	29	TMEM176B	4.4114404	3.4527924	0.007286734431735241	0.0
23	30	PDZK1IP1	4.4078326	4.273642	0.007286734431735241	0.0
23	31	CLDN15	4.391504	3.360937	0.007654712613273053	0.0
23	32	TGM1	4.278431	5.913339	0.0121743131982755	0.0
23	33	EMP3	4.256114	2.0990596	0.012828933504138553	0.0
23	34	LINC01133	4.2060494	5.146424	0.015663269480008058	0.07692307692307693
23	35	RPS8	4.18496	0.82894015	0.016808748297836913	0.34615384615384615
23	36	SEMA3C	4.164614	4.929625	0.017597956178289912	0.07692307692307693
23	37	TMEM176A	4.1551666	3.5423582	0.017959030731740874	0.07692307692307693
23	38	BSG	4.138057	1.4411501	0.018956887462562636	0.0
23	39	CLIC3	4.091749	2.8953292	0.02226283114869661	0.07692307692307693
23	40	MT1E	4.0839753	3.0698593	0.022269923418640404	0.0
23	41	COX7C	4.082748	0.9343228	0.022269923418640404	0.0
23	42	RPS17	4.0635924	1.1209316	0.02352443100555521	0.15384615384615385
23	43	COL1A1	4.061361	2.1523829	0.02352443100555521	0.0
23	44	SNCA	4.03127	3.0295334	0.026271953733948635	0.11538461538461539
23	45	TMEM98	4.0262117	3.1799293	0.026372356537386798	0.038461538461538464
23	46	EFEMP1	3.9980178	3.246056	0.02920635453666022	0.0
23	47	CRIP1	3.9696753	2.407661	0.03218551836264825	0.07692307692307693
23	48	NAP1L1	3.9668856	1.1602341	0.03218551836264825	0.07692307692307693
23	49	CD151	3.9569173	1.4521554	0.03300791422499303	0.5384615384615384
23	50	C4orf48	3.9350095	2.6848354	0.035585308710794634	0.15384615384615385
